lot,time_utc,time_pacific,weekday,hour_pacific,bucket,capacity,actual,pred_A,pred_B,pred_C,pred_D,error_A,error_B,error_C,error_D
Lot 30,2026-03-29T19:02:02.920927+00:00,2026-03-29 12:02 PDT,Sunday,12,off-peak,2143,1859,1652,1807,1637,1130,-207,-52,-222,-729
Lot 30,2026-03-29T20:02:22.989655+00:00,2026-03-29 13:02 PDT,Sunday,13,off-peak,2143,1862,1564,1714,1635,1110,-298,-148,-227,-752
Lot 30,2026-03-29T21:02:22.290007+00:00,2026-03-29 14:02 PDT,Sunday,14,off-peak,2143,1910,1572,1715,1683,1140,-338,-195,-227,-770
Lot 30,2026-03-29T22:02:31.810266+00:00,2026-03-29 15:02 PDT,Sunday,15,off-peak,2143,1919,1633,1774,1781,1230,-286,-145,-138,-689
Lot 30,2026-03-29T23:01:57.342906+00:00,2026-03-29 16:01 PDT,Sunday,16,off-peak,2143,1919,1740,1881,1944,1398,-179,-38,25,-521
Lot 30,2026-03-30T00:01:11.596122+00:00,2026-03-29 17:01 PDT,Sunday,17,off-peak,2143,1923,1905,2040,2143,1630,-18,117,220,-293
Lot 30,2026-03-30T00:16:22.182855+00:00,2026-03-29 17:16 PDT,Sunday,17,off-peak,2143,1924,1956,2088,2143,1692,32,164,219,-232
Lot 30,2026-03-30T00:31:36.906372+00:00,2026-03-29 17:31 PDT,Sunday,17,off-peak,2143,1926,2011,2139,2143,1754,85,213,217,-172
Lot 30,2026-03-30T00:46:02.879671+00:00,2026-03-29 17:46 PDT,Sunday,17,off-peak,2143,1925,2064,2143,2143,1810,139,218,218,-115
Lot 30,2026-03-30T01:02:37.435039+00:00,2026-03-29 18:02 PDT,Sunday,18,off-peak,2143,1926,2126,2143,2143,1870,200,217,217,-56
Lot 30,2026-03-30T01:16:36.988575+00:00,2026-03-29 18:16 PDT,Sunday,18,off-peak,2143,1927,2143,2143,2143,1916,216,216,216,-11
Lot 30,2026-03-30T01:31:08.625639+00:00,2026-03-29 18:31 PDT,Sunday,18,off-peak,2143,1927,2143,2143,2143,1959,216,216,216,32
Lot 30,2026-03-30T01:46:36.678392+00:00,2026-03-29 18:46 PDT,Sunday,18,off-peak,2143,1928,2143,2143,2143,1998,215,215,215,70
Lot 30,2026-03-30T02:02:13.346730+00:00,2026-03-29 19:02 PDT,Sunday,19,off-peak,2143,1928,2143,2143,2143,2031,215,215,215,103
Lot 30,2026-03-30T03:02:31.708994+00:00,2026-03-29 20:02 PDT,Sunday,20,off-peak,2143,1926,2143,2143,2143,2101,217,217,217,175
Lot 30,2026-03-30T04:02:03.701239+00:00,2026-03-29 21:02 PDT,Sunday,21,off-peak,2143,1928,2143,2143,2143,2119,215,215,215,191
Lot 30,2026-03-30T05:02:21.579997+00:00,2026-03-29 22:02 PDT,Sunday,22,off-peak,2143,1930,2143,2143,2143,2140,213,213,213,210
Lot 30,2026-03-30T06:01:49.130904+00:00,2026-03-29 23:01 PDT,Sunday,23,off-peak,2143,1928,2143,2143,2143,2143,215,215,215,215
Lot 30,2026-03-30T07:02:11.084246+00:00,2026-03-30 00:02 PDT,Monday,0,off-peak,2143,1932,2143,2143,2143,2143,211,211,211,211
Lot 30,2026-03-30T08:02:38.146812+00:00,2026-03-30 01:02 PDT,Monday,1,off-peak,2143,1932,2143,2143,2143,2143,211,211,211,211
Lot 30,2026-03-30T09:01:46.947705+00:00,2026-03-30 02:01 PDT,Monday,2,off-peak,2143,1931,2143,2143,2143,2071,212,212,212,140
Lot 30,2026-03-30T10:01:59.372292+00:00,2026-03-30 03:01 PDT,Monday,3,off-peak,2143,1930,2143,2143,2143,2017,213,213,213,87
Lot 30,2026-03-30T11:01:41.240805+00:00,2026-03-30 04:01 PDT,Monday,4,off-peak,2143,1944,2143,2143,2143,2047,199,199,199,103
Lot 30,2026-03-30T12:02:05.098469+00:00,2026-03-30 05:02 PDT,Monday,5,off-peak,2143,1942,2143,2143,2143,2134,201,201,201,192
Lot 30,2026-03-30T13:01:31.763748+00:00,2026-03-30 06:01 PDT,Monday,6,rush,2143,1936,2143,2143,2143,2143,207,207,207,207
Lot 30,2026-03-30T13:05:52.965757+00:00,2026-03-30 06:05 PDT,Monday,6,rush,2143,1934,2143,2143,2143,2143,209,209,209,209
Lot 30,2026-03-30T13:11:10.914830+00:00,2026-03-30 06:11 PDT,Monday,6,rush,2143,1932,2143,2143,2143,2143,211,211,211,211
Lot 30,2026-03-30T13:16:23.275417+00:00,2026-03-30 06:16 PDT,Monday,6,rush,2143,1932,2143,2143,2143,2143,211,211,211,211
Lot 30,2026-03-30T13:21:03.166883+00:00,2026-03-30 06:21 PDT,Monday,6,rush,2143,1930,2143,2143,2143,2143,213,213,213,213
Lot 30,2026-03-30T13:26:17.676580+00:00,2026-03-30 06:26 PDT,Monday,6,rush,2143,1929,2143,2143,2143,2143,214,214,214,214
Lot 30,2026-03-30T13:31:32.933580+00:00,2026-03-30 06:31 PDT,Monday,6,rush,2143,1925,2143,2143,2143,2133,218,218,218,208
Lot 30,2026-03-30T13:35:53.902462+00:00,2026-03-30 06:35 PDT,Monday,6,rush,2143,1922,2143,2143,2143,2123,221,221,221,201
Lot 30,2026-03-30T13:41:36.039835+00:00,2026-03-30 06:41 PDT,Monday,6,rush,2143,1920,2143,2143,2143,2109,223,223,223,189
Lot 30,2026-03-30T13:45:58.382328+00:00,2026-03-30 06:45 PDT,Monday,6,rush,2143,1916,2143,2143,2143,2097,227,227,227,181
Lot 30,2026-03-30T13:50:46.443252+00:00,2026-03-30 06:50 PDT,Monday,6,rush,2143,1912,2143,2143,2143,2083,231,231,231,171
Lot 30,2026-03-30T13:56:03.603426+00:00,2026-03-30 06:56 PDT,Monday,6,rush,2143,1909,2143,2143,2143,2065,234,234,234,156
Lot 30,2026-03-30T14:00:52.647634+00:00,2026-03-30 07:00 PDT,Monday,7,rush,2143,1903,2143,2143,2143,2048,240,240,240,145
Lot 30,2026-03-30T14:05:57.359360+00:00,2026-03-30 07:05 PDT,Monday,7,rush,2143,1893,2143,2143,2143,2029,250,250,250,136
Lot 30,2026-03-30T14:11:19.006751+00:00,2026-03-30 07:11 PDT,Monday,7,rush,2143,1882,2143,2143,2143,2006,261,261,261,124
Lot 30,2026-03-30T14:15:59.059132+00:00,2026-03-30 07:15 PDT,Monday,7,rush,2143,1866,2143,2143,2143,1986,277,277,277,120
Lot 30,2026-03-30T14:20:56.895640+00:00,2026-03-30 07:20 PDT,Monday,7,rush,2143,1844,2143,2143,2143,1963,299,299,299,119
Lot 30,2026-03-30T14:25:47.558337+00:00,2026-03-30 07:25 PDT,Monday,7,rush,2143,1804,2143,2143,2143,1939,339,339,339,135
Lot 30,2026-03-30T14:32:08.965171+00:00,2026-03-30 07:32 PDT,Monday,7,rush,2143,1751,2143,2143,2143,1906,392,392,392,155
Lot 30,2026-03-30T14:35:51.232332+00:00,2026-03-30 07:35 PDT,Monday,7,rush,2143,1709,2143,2143,2143,1886,434,434,434,177
Lot 30,2026-03-30T14:41:28.809933+00:00,2026-03-30 07:41 PDT,Monday,7,rush,2143,1632,2143,2143,2143,1855,511,511,511,223
Lot 30,2026-03-30T14:46:08.624947+00:00,2026-03-30 07:46 PDT,Monday,7,rush,2143,1581,2143,2143,2143,1828,562,562,562,247
Lot 30,2026-03-30T14:50:52.085361+00:00,2026-03-30 07:50 PDT,Monday,7,rush,2143,1532,2143,2143,2143,1799,611,611,611,267
Lot 30,2026-03-30T14:55:54.409401+00:00,2026-03-30 07:55 PDT,Monday,7,rush,2143,1460,2143,2143,2143,1768,683,683,683,308
Lot 30,2026-03-30T15:01:22.645323+00:00,2026-03-30 08:01 PDT,Monday,8,rush,2143,1408,2143,2143,2143,1733,735,735,735,325
Lot 30,2026-03-30T15:11:01.776943+00:00,2026-03-30 08:11 PDT,Monday,8,rush,2143,1360,2143,2143,2143,1670,783,783,783,310
Lot 30,2026-03-30T15:16:18.097348+00:00,2026-03-30 08:16 PDT,Monday,8,rush,2143,1337,2143,2143,2133,1634,806,806,796,297
Lot 30,2026-03-30T15:20:58.062592+00:00,2026-03-30 08:20 PDT,Monday,8,rush,2143,1308,2143,2143,2102,1602,835,835,794,294
Lot 30,2026-03-30T15:26:00.141812+00:00,2026-03-30 08:26 PDT,Monday,8,rush,2143,1281,2143,2143,2068,1568,862,862,787,287
Lot 30,2026-03-30T15:31:26.267397+00:00,2026-03-30 08:31 PDT,Monday,8,rush,2143,1240,2143,2143,2031,1529,903,903,791,289
Lot 30,2026-03-30T15:35:52.563361+00:00,2026-03-30 08:35 PDT,Monday,8,rush,2143,1205,2143,2143,2000,1498,938,938,795,293
Lot 30,2026-03-30T15:41:16.111026+00:00,2026-03-30 08:41 PDT,Monday,8,rush,2143,1147,2143,2143,1963,1460,996,996,816,313
Lot 30,2026-03-30T15:46:47.525814+00:00,2026-03-30 08:46 PDT,Monday,8,rush,2143,1104,2143,2143,1925,1421,1039,1039,821,317
Lot 30,2026-03-30T15:51:31.301624+00:00,2026-03-30 08:51 PDT,Monday,8,rush,2143,1054,2143,2143,1892,1387,1089,1089,838,333
Lot 30,2026-03-30T15:55:47.476090+00:00,2026-03-30 08:55 PDT,Monday,8,rush,2143,996,2143,2143,1862,1357,1147,1147,866,361
Lot 30,2026-03-30T16:01:46.263066+00:00,2026-03-30 09:01 PDT,Monday,9,rush,2143,949,2110,2143,1821,1315,1161,1194,872,366
Lot 30,2026-03-30T16:06:07.937022+00:00,2026-03-30 09:06 PDT,Monday,9,rush,2143,910,2083,2143,1791,1285,1173,1233,881,375
Lot 30,2026-03-30T16:10:52.235116+00:00,2026-03-30 09:10 PDT,Monday,9,rush,2143,873,2054,2143,1758,1252,1181,1270,885,379
Lot 30,2026-03-30T16:15:56.467812+00:00,2026-03-30 09:15 PDT,Monday,9,rush,2143,834,2021,2143,1724,1217,1187,1309,890,383
Lot 30,2026-03-30T16:21:14.808191+00:00,2026-03-30 09:21 PDT,Monday,9,rush,2143,773,1987,2119,1689,1182,1214,1346,916,409
Lot 30,2026-03-30T16:26:03.217580+00:00,2026-03-30 09:26 PDT,Monday,9,rush,2143,725,1955,2091,1658,1150,1230,1366,933,425
Lot 30,2026-03-30T16:31:12.966615+00:00,2026-03-30 09:31 PDT,Monday,9,rush,2143,682,1921,2061,1625,1116,1239,1379,943,434
Lot 30,2026-03-30T16:36:07.648321+00:00,2026-03-30 09:36 PDT,Monday,9,rush,2143,634,1888,2032,1594,1085,1254,1398,960,451
Lot 30,2026-03-30T16:41:47.010135+00:00,2026-03-30 09:41 PDT,Monday,9,rush,2143,598,1850,1998,1559,1050,1252,1400,961,452
Lot 30,2026-03-30T16:46:15.579613+00:00,2026-03-30 09:46 PDT,Monday,9,rush,2143,561,1819,1971,1532,1023,1258,1410,971,462
Lot 30,2026-03-30T16:50:59.527419+00:00,2026-03-30 09:50 PDT,Monday,9,rush,2143,527,1787,1943,1505,995,1260,1416,978,468
Lot 30,2026-03-30T16:56:09.786241+00:00,2026-03-30 09:56 PDT,Monday,9,rush,2143,480,1753,1912,1476,966,1273,1432,996,486
Lot 30,2026-03-30T17:01:43.967147+00:00,2026-03-30 10:01 PDT,Monday,10,rush,2143,476,1715,1878,1445,935,1239,1402,969,459
Lot 30,2026-03-30T17:06:12.413516+00:00,2026-03-30 10:06 PDT,Monday,10,rush,2143,478,1685,1852,1422,911,1207,1374,944,433
Lot 30,2026-03-30T17:10:56.924622+00:00,2026-03-30 10:10 PDT,Monday,10,rush,2143,477,1654,1823,1398,887,1177,1346,921,410
Lot 30,2026-03-30T17:15:53.127332+00:00,2026-03-30 10:15 PDT,Monday,10,rush,2143,468,1622,1794,1374,862,1154,1326,906,394
Lot 30,2026-03-30T17:21:01.964459+00:00,2026-03-30 10:21 PDT,Monday,10,rush,2143,452,1589,1764,1350,838,1137,1312,898,386
Lot 30,2026-03-30T17:25:47.518995+00:00,2026-03-30 10:25 PDT,Monday,10,rush,2143,426,1558,1737,1329,817,1132,1311,903,391
Lot 30,2026-03-30T17:30:21.432306+00:00,2026-03-30 10:30 PDT,Monday,10,rush,2143,399,1530,1711,1309,797,1131,1312,910,398
Lot 30,2026-03-30T17:35:16.447030+00:00,2026-03-30 10:35 PDT,Monday,10,rush,2143,354,1500,1683,1290,776,1146,1329,936,422
Lot 30,2026-03-30T17:41:05.540840+00:00,2026-03-30 10:41 PDT,Monday,10,rush,2143,314,1465,1652,1267,754,1151,1338,953,440
Lot 30,2026-03-30T17:45:32.544743+00:00,2026-03-30 10:45 PDT,Monday,10,rush,2143,285,1439,1628,1251,737,1154,1343,966,452
Lot 30,2026-03-30T17:50:31.107524+00:00,2026-03-30 10:50 PDT,Monday,10,rush,2143,262,1411,1602,1235,720,1149,1340,973,458
Lot 30,2026-03-30T17:55:24.658757+00:00,2026-03-30 10:55 PDT,Monday,10,rush,2143,241,1384,1577,1219,704,1143,1336,978,463
Lot 30,2026-03-30T18:00:30.922904+00:00,2026-03-30 11:00 PDT,Monday,11,midday,2143,244,1357,1552,1204,688,1113,1308,960,444
Lot 30,2026-03-30T18:05:25.327313+00:00,2026-03-30 11:05 PDT,Monday,11,midday,2143,280,1332,1528,1191,674,1052,1248,911,394
Lot 30,2026-03-30T18:10:20.313153+00:00,2026-03-30 11:10 PDT,Monday,11,midday,2143,301,1308,1506,1178,661,1007,1205,877,360
Lot 30,2026-03-30T18:15:35.355557+00:00,2026-03-30 11:15 PDT,Monday,11,midday,2143,311,1283,1482,1166,648,972,1171,855,337
Lot 30,2026-03-30T18:20:49.135511+00:00,2026-03-30 11:20 PDT,Monday,11,midday,2143,321,1260,1460,1154,635,939,1139,833,314
Lot 30,2026-03-30T18:25:23.545126+00:00,2026-03-30 11:25 PDT,Monday,11,midday,2143,320,1240,1441,1145,626,920,1121,825,306
Lot 30,2026-03-30T18:30:48.114437+00:00,2026-03-30 11:30 PDT,Monday,11,midday,2143,298,1218,1420,1136,615,920,1122,838,317
Lot 30,2026-03-30T18:35:28.900036+00:00,2026-03-30 11:35 PDT,Monday,11,midday,2143,282,1200,1402,1128,607,918,1120,846,325
Lot 30,2026-03-30T18:40:23.999062+00:00,2026-03-30 11:40 PDT,Monday,11,midday,2143,272,1182,1385,1121,598,910,1113,849,326
Lot 30,2026-03-30T18:45:15.356296+00:00,2026-03-30 11:45 PDT,Monday,11,midday,2143,251,1165,1369,1115,591,914,1118,864,340
Lot 30,2026-03-30T18:50:29.416542+00:00,2026-03-30 11:50 PDT,Monday,11,midday,2143,235,1148,1352,1109,584,913,1117,874,349
Lot 30,2026-03-30T18:56:28.163372+00:00,2026-03-30 11:56 PDT,Monday,11,midday,2143,222,1130,1334,1104,577,908,1112,882,355
Lot 30,2026-03-30T19:01:40.039099+00:00,2026-03-30 12:01 PDT,Monday,12,midday,2143,211,1115,1320,1099,571,904,1109,888,360
Lot 30,2026-03-30T19:15:37.856481+00:00,2026-03-30 12:15 PDT,Monday,12,midday,2143,192,1082,1287,1092,560,890,1095,900,368
Lot 30,2026-03-30T19:30:48.937489+00:00,2026-03-30 12:30 PDT,Monday,12,midday,2143,180,1054,1258,1088,552,874,1078,908,372
Lot 30,2026-03-30T19:45:47.550904+00:00,2026-03-30 12:45 PDT,Monday,12,midday,2143,222,1035,1237,1089,548,813,1015,867,326
Lot 30,2026-03-30T20:01:00.775362+00:00,2026-03-30 13:01 PDT,Monday,13,midday,2143,248,1023,1223,1093,547,775,975,845,299
Lot 30,2026-03-30T20:15:33.204759+00:00,2026-03-30 13:15 PDT,Monday,13,midday,2143,283,1017,1216,1100,550,734,933,817,267
Lot 30,2026-03-30T20:31:08.131776+00:00,2026-03-30 13:31 PDT,Monday,13,midday,2143,337,1017,1213,1111,555,680,876,774,218
Lot 30,2026-03-30T20:45:42.414589+00:00,2026-03-30 13:45 PDT,Monday,13,midday,2143,302,1021,1216,1123,563,719,914,821,261
Lot 30,2026-03-30T21:01:24.416673+00:00,2026-03-30 14:01 PDT,Monday,14,midday,2143,329,1029,1222,1140,576,700,893,811,247
Lot 30,2026-03-30T21:15:44.548320+00:00,2026-03-30 14:15 PDT,Monday,14,midday,2143,455,1039,1232,1157,591,584,777,702,136
Lot 30,2026-03-30T21:30:48.732037+00:00,2026-03-30 14:30 PDT,Monday,14,midday,2143,502,1053,1245,1180,610,551,743,678,108
Lot 30,2026-03-30T21:46:07.280202+00:00,2026-03-30 14:46 PDT,Monday,14,midday,2143,493,1070,1261,1206,635,577,768,713,142
Lot 30,2026-03-30T22:00:52.286563+00:00,2026-03-30 15:00 PDT,Monday,15,midday,2143,496,1089,1280,1236,663,593,784,740,167
Lot 30,2026-03-30T22:16:12.107265+00:00,2026-03-30 15:16 PDT,Monday,15,midday,2143,590,1111,1303,1272,699,521,713,682,109
Lot 30,2026-03-30T22:31:09.479369+00:00,2026-03-30 15:31 PDT,Monday,15,midday,2143,632,1137,1328,1311,739,505,696,679,107
Lot 30,2026-03-30T22:45:18.902313+00:00,2026-03-30 15:45 PDT,Monday,15,midday,2143,679,1164,1355,1353,782,485,676,674,103
Lot 30,2026-03-30T23:00:37.034424+00:00,2026-03-30 16:00 PDT,Monday,16,midday,2143,713,1197,1388,1402,833,484,675,689,120
Lot 30,2026-03-30T23:16:17.306446+00:00,2026-03-30 16:16 PDT,Monday,16,midday,2143,832,1235,1425,1456,891,403,593,624,59
Lot 30,2026-03-30T23:30:47.203210+00:00,2026-03-30 16:30 PDT,Monday,16,midday,2143,903,1274,1463,1510,948,371,560,607,45
Lot 30,2026-03-30T23:46:04.009048+00:00,2026-03-30 16:46 PDT,Monday,16,midday,2143,949,1320,1507,1568,1010,371,558,619,61
Lot 30,2026-03-31T00:01:15.943982+00:00,2026-03-30 17:01 PDT,Monday,17,midday,2143,1022,1369,1554,1627,1074,347,532,605,52
Lot 30,2026-03-31T00:15:53.790469+00:00,2026-03-30 17:15 PDT,Monday,17,midday,2143,1234,1420,1602,1684,1136,186,368,450,-98
Lot 30,2026-03-31T00:31:02.164618+00:00,2026-03-30 17:31 PDT,Monday,17,midday,2143,1304,1476,1654,1742,1199,172,350,438,-105
Lot 30,2026-03-31T00:45:52.452669+00:00,2026-03-30 17:45 PDT,Monday,17,midday,2143,1328,1532,1706,1796,1258,204,378,468,-70
Lot 30,2026-03-31T01:01:39.772767+00:00,2026-03-30 18:01 PDT,Monday,18,off-peak,2143,1350,1593,1762,1849,1317,243,412,499,-33
Lot 30,2026-03-31T01:15:19.596995+00:00,2026-03-30 18:15 PDT,Monday,18,off-peak,2143,1438,1645,1810,1891,1365,207,372,453,-73
Lot 30,2026-03-31T01:30:41.108150+00:00,2026-03-30 18:30 PDT,Monday,18,off-peak,2143,1532,1703,1862,1933,1412,171,330,401,-120
Lot 30,2026-03-31T01:46:04.174466+00:00,2026-03-30 18:46 PDT,Monday,18,off-peak,2143,1680,1759,1913,1970,1454,79,233,290,-226
Lot 30,2026-03-31T02:02:12.253048+00:00,2026-03-30 19:02 PDT,Monday,19,off-peak,2143,1730,1814,1961,2001,1491,84,231,271,-239
Lot 30,2026-03-31T03:01:40.299161+00:00,2026-03-30 20:01 PDT,Monday,20,off-peak,2143,1861,1967,2096,2065,1571,106,235,204,-290
Lot 30,2026-03-31T04:02:11.236198+00:00,2026-03-30 21:02 PDT,Monday,21,off-peak,2143,1936,2039,2143,2086,1601,103,207,150,-335
Lot 30,2026-03-31T05:02:15.045897+00:00,2026-03-30 22:02 PDT,Monday,22,off-peak,2143,1985,2060,2143,2120,1636,75,158,135,-349
Lot 30,2026-03-31T07:03:06.129148+00:00,2026-03-31 00:03 PDT,Tuesday,0,off-peak,2143,1993,2131,2143,2143,1721,138,150,150,-272
Lot 30,2026-03-31T08:02:56.204517+00:00,2026-03-31 01:02 PDT,Tuesday,1,off-peak,2143,1995,2143,2143,2143,1697,148,148,148,-298
Lot 30,2026-03-31T09:03:35.712866+00:00,2026-03-31 02:03 PDT,Tuesday,2,off-peak,2143,1995,2143,2143,2134,1633,148,148,139,-362
Lot 30,2026-03-31T10:02:10.647008+00:00,2026-03-31 03:02 PDT,Tuesday,3,off-peak,2143,1943,2092,2143,2090,1601,149,200,147,-342
Lot 30,2026-03-31T11:02:04.216065+00:00,2026-03-31 04:02 PDT,Tuesday,4,off-peak,2143,1942,2052,2143,2126,1651,110,201,184,-291
Lot 30,2026-03-31T12:02:13.866939+00:00,2026-03-31 05:02 PDT,Tuesday,5,off-peak,2143,1941,2080,2143,2143,1759,139,202,202,-182
Lot 30,2026-03-31T13:01:43.378499+00:00,2026-03-31 06:01 PDT,Tuesday,6,rush,2143,1935,2143,2143,2143,1816,208,208,208,-119
Lot 30,2026-03-31T13:06:14.142194+00:00,2026-03-31 06:06 PDT,Tuesday,6,rush,2143,1933,2143,2143,2143,1815,210,210,210,-118
Lot 30,2026-03-31T13:11:27.851152+00:00,2026-03-31 06:11 PDT,Tuesday,6,rush,2143,1933,2143,2143,2143,1813,210,210,210,-120
Lot 30,2026-03-31T13:15:52.181166+00:00,2026-03-31 06:15 PDT,Tuesday,6,rush,2143,1928,2143,2143,2143,1809,215,215,215,-119
Lot 30,2026-03-31T13:21:07.763289+00:00,2026-03-31 06:21 PDT,Tuesday,6,rush,2143,1924,2143,2143,2143,1804,219,219,219,-120
Lot 30,2026-03-31T13:26:06.727795+00:00,2026-03-31 06:26 PDT,Tuesday,6,rush,2143,1923,2143,2143,2143,1798,220,220,220,-125
Lot 30,2026-03-31T13:31:29.284723+00:00,2026-03-31 06:31 PDT,Tuesday,6,rush,2143,1919,2143,2143,2143,1790,224,224,224,-129
Lot 30,2026-03-31T13:36:20.763677+00:00,2026-03-31 06:36 PDT,Tuesday,6,rush,2143,1913,2143,2143,2143,1781,230,230,230,-132
Lot 30,2026-03-31T13:40:56.218817+00:00,2026-03-31 06:40 PDT,Tuesday,6,rush,2143,1912,2143,2143,2143,1771,231,231,231,-141
Lot 30,2026-03-31T13:45:54.178500+00:00,2026-03-31 06:45 PDT,Tuesday,6,rush,2143,1907,2143,2143,2143,1759,236,236,236,-148
Lot 30,2026-03-31T13:50:54.751530+00:00,2026-03-31 06:50 PDT,Tuesday,6,rush,2143,1901,2143,2143,2143,1746,242,242,242,-155
Lot 30,2026-03-31T13:55:50.981294+00:00,2026-03-31 06:55 PDT,Tuesday,6,rush,2143,1897,2143,2143,2143,1732,246,246,246,-165
Lot 30,2026-03-31T14:01:29.319286+00:00,2026-03-31 07:01 PDT,Tuesday,7,rush,2143,1888,2143,2143,2143,1713,255,255,255,-175
Lot 30,2026-03-31T14:05:46.386007+00:00,2026-03-31 07:05 PDT,Tuesday,7,rush,2143,1877,2143,2143,2143,1698,266,266,266,-179
Lot 30,2026-03-31T14:10:56.078000+00:00,2026-03-31 07:10 PDT,Tuesday,7,rush,2143,1862,2143,2143,2143,1679,281,281,281,-183
Lot 30,2026-03-31T14:16:19.758392+00:00,2026-03-31 07:16 PDT,Tuesday,7,rush,2143,1833,2143,2143,2143,1657,310,310,310,-176
Lot 30,2026-03-31T14:20:56.573758+00:00,2026-03-31 07:20 PDT,Tuesday,7,rush,2143,1812,2143,2143,2128,1637,331,331,316,-175
Lot 30,2026-03-31T14:26:06.572717+00:00,2026-03-31 07:26 PDT,Tuesday,7,rush,2143,1755,2143,2143,2106,1614,388,388,351,-141
Lot 30,2026-03-31T14:30:41.371083+00:00,2026-03-31 07:30 PDT,Tuesday,7,rush,2143,1707,2143,2143,2085,1592,436,436,378,-115
Lot 30,2026-03-31T14:36:02.733291+00:00,2026-03-31 07:36 PDT,Tuesday,7,rush,2143,1627,2143,2143,2059,1565,516,516,432,-62
Lot 30,2026-03-31T14:41:16.307636+00:00,2026-03-31 07:41 PDT,Tuesday,7,rush,2143,1528,2143,2143,2033,1538,615,615,505,10
Lot 30,2026-03-31T14:45:45.612527+00:00,2026-03-31 07:45 PDT,Tuesday,7,rush,2143,1458,2137,2143,2010,1514,679,685,552,56
Lot 30,2026-03-31T14:50:58.811051+00:00,2026-03-31 07:50 PDT,Tuesday,7,rush,2143,1371,2123,2143,1982,1484,752,772,611,113
Lot 30,2026-03-31T14:55:59.634394+00:00,2026-03-31 07:55 PDT,Tuesday,7,rush,2143,1285,2109,2143,1954,1455,824,858,669,170
Lot 30,2026-03-31T15:01:55.926705+00:00,2026-03-31 08:01 PDT,Tuesday,8,rush,2143,1248,2091,2143,1919,1419,843,895,671,171
Lot 30,2026-03-31T15:05:59.364491+00:00,2026-03-31 08:05 PDT,Tuesday,8,rush,2143,1219,2077,2143,1895,1395,858,924,676,176
Lot 30,2026-03-31T15:10:49.260478+00:00,2026-03-31 08:10 PDT,Tuesday,8,rush,2143,1197,2060,2143,1866,1364,863,946,669,167
Lot 30,2026-03-31T15:16:18.404595+00:00,2026-03-31 08:16 PDT,Tuesday,8,rush,2143,1170,2039,2143,1832,1329,869,973,662,159
Lot 30,2026-03-31T15:21:15.077015+00:00,2026-03-31 08:21 PDT,Tuesday,8,rush,2143,1140,2018,2131,1800,1297,878,991,660,157
Lot 30,2026-03-31T15:25:57.948674+00:00,2026-03-31 08:25 PDT,Tuesday,8,rush,2143,1120,1998,2114,1770,1266,878,994,650,146
Lot 30,2026-03-31T15:31:29.997649+00:00,2026-03-31 08:31 PDT,Tuesday,8,rush,2143,1089,1973,2092,1734,1230,884,1003,645,141
Lot 30,2026-03-31T15:36:30.628818+00:00,2026-03-31 08:36 PDT,Tuesday,8,rush,2143,1052,1949,2072,1702,1196,897,1020,650,144
Lot 30,2026-03-31T15:41:13.836492+00:00,2026-03-31 08:41 PDT,Tuesday,8,rush,2143,1037,1925,2052,1670,1164,888,1015,633,127
Lot 30,2026-03-31T15:45:50.333878+00:00,2026-03-31 08:45 PDT,Tuesday,8,rush,2143,994,1902,2032,1640,1133,908,1038,646,139
Lot 30,2026-03-31T15:50:42.992158+00:00,2026-03-31 08:50 PDT,Tuesday,8,rush,2143,943,1876,2009,1608,1101,933,1066,665,158
Lot 30,2026-03-31T15:55:55.486434+00:00,2026-03-31 08:55 PDT,Tuesday,8,rush,2143,892,1847,1985,1573,1066,955,1093,681,174
Lot 30,2026-03-31T16:01:48.117454+00:00,2026-03-31 09:01 PDT,Tuesday,9,rush,2143,822,1813,1956,1535,1026,991,1134,713,204
Lot 30,2026-03-31T16:06:02.561456+00:00,2026-03-31 09:06 PDT,Tuesday,9,rush,2143,793,1789,1934,1507,998,996,1141,714,205
Lot 30,2026-03-31T16:10:58.899225+00:00,2026-03-31 09:10 PDT,Tuesday,9,rush,2143,730,1759,1909,1475,966,1029,1179,745,236
Lot 30,2026-03-31T16:15:51.078758+00:00,2026-03-31 09:15 PDT,Tuesday,9,rush,2143,664,1730,1883,1444,935,1066,1219,780,271
Lot 30,2026-03-31T16:21:33.557965+00:00,2026-03-31 09:21 PDT,Tuesday,9,rush,2143,567,1695,1852,1408,898,1128,1285,841,331
Lot 30,2026-03-31T16:26:14.859435+00:00,2026-03-31 09:26 PDT,Tuesday,9,rush,2143,547,1665,1826,1379,869,1118,1279,832,322
Lot 30,2026-03-31T16:31:46.141233+00:00,2026-03-31 09:31 PDT,Tuesday,9,rush,2143,507,1630,1796,1345,835,1123,1289,838,328
Lot 30,2026-03-31T16:35:48.644090+00:00,2026-03-31 09:35 PDT,Tuesday,9,rush,2143,496,1604,1773,1321,811,1108,1277,825,315
Lot 30,2026-03-31T16:41:15.639037+00:00,2026-03-31 09:41 PDT,Tuesday,9,rush,2143,470,1570,1742,1290,779,1100,1272,820,309
Lot 30,2026-03-31T16:45:58.613304+00:00,2026-03-31 09:45 PDT,Tuesday,9,rush,2143,460,1539,1715,1263,752,1079,1255,803,292
Lot 30,2026-03-31T16:51:06.040247+00:00,2026-03-31 09:51 PDT,Tuesday,9,rush,2143,443,1506,1686,1235,724,1063,1243,792,281
Lot 30,2026-03-31T16:56:10.114933+00:00,2026-03-31 09:56 PDT,Tuesday,9,rush,2143,419,1474,1657,1208,697,1055,1238,789,278
Lot 30,2026-03-31T17:00:47.120344+00:00,2026-03-31 10:00 PDT,Tuesday,10,rush,2143,408,1444,1631,1185,673,1036,1223,777,265
Lot 30,2026-03-31T17:05:54.439526+00:00,2026-03-31 10:05 PDT,Tuesday,10,rush,2143,406,1412,1601,1159,648,1006,1195,753,242
Lot 30,2026-03-31T17:10:53.662192+00:00,2026-03-31 10:10 PDT,Tuesday,10,rush,2143,404,1380,1573,1136,624,976,1169,732,220
Lot 30,2026-03-31T17:15:51.043330+00:00,2026-03-31 10:15 PDT,Tuesday,10,rush,2143,383,1350,1545,1113,601,967,1162,730,218
Lot 30,2026-03-31T17:20:59.225185+00:00,2026-03-31 10:20 PDT,Tuesday,10,rush,2143,362,1318,1517,1091,579,956,1155,729,217
Lot 30,2026-03-31T17:25:51.169000+00:00,2026-03-31 10:25 PDT,Tuesday,10,rush,2143,325,1289,1490,1071,558,964,1165,746,233
Lot 30,2026-03-31T17:32:39.386620+00:00,2026-03-31 10:32 PDT,Tuesday,10,rush,2143,268,1249,1454,1045,532,981,1186,777,264
Lot 30,2026-03-31T17:36:05.200366+00:00,2026-03-31 10:36 PDT,Tuesday,10,rush,2143,245,1229,1436,1032,519,984,1191,787,274
Lot 30,2026-03-31T17:41:09.819754+00:00,2026-03-31 10:41 PDT,Tuesday,10,rush,2143,198,1201,1409,1015,501,1003,1211,817,303
Lot 30,2026-03-31T17:45:25.429105+00:00,2026-03-31 10:45 PDT,Tuesday,10,rush,2143,144,1178,1388,1001,487,1034,1244,857,343
Lot 30,2026-03-31T17:50:17.530313+00:00,2026-03-31 10:50 PDT,Tuesday,10,rush,2143,68,1152,1364,986,472,1084,1296,918,404
Lot 30,2026-03-31T17:55:31.844819+00:00,2026-03-31 10:55 PDT,Tuesday,10,rush,2143,13,1125,1339,971,456,1112,1326,958,443
Lot 30,2026-03-31T18:00:31.564138+00:00,2026-03-31 11:00 PDT,Tuesday,11,midday,2143,2,1100,1316,958,443,1098,1314,956,441
Lot 30,2026-03-31T18:05:16.989464+00:00,2026-03-31 11:05 PDT,Tuesday,11,midday,2143,25,1077,1294,946,431,1052,1269,921,406
Lot 30,2026-03-31T18:10:23.985868+00:00,2026-03-31 11:10 PDT,Tuesday,11,midday,2143,80,1053,1272,935,419,973,1192,855,339
Lot 30,2026-03-31T18:15:22.729787+00:00,2026-03-31 11:15 PDT,Tuesday,11,midday,2143,97,1031,1251,925,408,934,1154,828,311
Big Springs 2,2026-03-30T17:30:20.923156+00:00,2026-03-30 10:30 PDT,Monday,10,rush,1058,529,660,759,665,554,131,230,136,25
Big Springs 2,2026-03-30T17:35:16.037467+00:00,2026-03-30 10:35 PDT,Monday,10,rush,1058,523,649,749,657,545,126,226,134,22
Big Springs 2,2026-03-30T17:41:05.137039+00:00,2026-03-30 10:41 PDT,Monday,10,rush,1058,510,637,738,648,536,127,228,138,26
Big Springs 2,2026-03-30T17:45:32.130704+00:00,2026-03-30 10:45 PDT,Monday,10,rush,1058,499,628,729,641,529,129,230,142,30
Big Springs 2,2026-03-30T17:50:30.705479+00:00,2026-03-30 10:50 PDT,Monday,10,rush,1058,495,617,719,633,521,122,224,138,26
Big Springs 2,2026-03-30T17:55:24.224961+00:00,2026-03-30 10:55 PDT,Monday,10,rush,1058,491,607,710,626,514,116,219,135,23
Big Springs 2,2026-03-30T18:00:30.520684+00:00,2026-03-30 11:00 PDT,Monday,11,midday,1058,490,597,701,620,507,107,211,130,17
Big Springs 2,2026-03-30T18:05:24.917466+00:00,2026-03-30 11:05 PDT,Monday,11,midday,1058,490,588,692,613,501,98,202,123,11
Big Springs 2,2026-03-30T18:10:19.905378+00:00,2026-03-30 11:10 PDT,Monday,11,midday,1058,490,579,684,608,494,89,194,118,4
Big Springs 2,2026-03-30T18:15:34.953858+00:00,2026-03-30 11:15 PDT,Monday,11,midday,1058,488,569,675,602,488,81,187,114,0
Big Springs 2,2026-03-30T18:20:48.736898+00:00,2026-03-30 11:20 PDT,Monday,11,midday,1058,487,560,666,596,482,73,179,109,-5
Big Springs 2,2026-03-30T18:25:23.141233+00:00,2026-03-30 11:25 PDT,Monday,11,midday,1058,485,552,659,591,478,67,174,106,-7
Big Springs 2,2026-03-30T18:30:47.705757+00:00,2026-03-30 11:30 PDT,Monday,11,midday,1058,477,544,651,586,472,67,174,109,-5
Big Springs 2,2026-03-30T18:35:28.496829+00:00,2026-03-30 11:35 PDT,Monday,11,midday,1058,475,536,644,582,468,61,169,107,-7
Big Springs 2,2026-03-30T18:40:23.596447+00:00,2026-03-30 11:40 PDT,Monday,11,midday,1058,467,529,637,578,463,62,170,111,-4
Big Springs 2,2026-03-30T18:45:14.959676+00:00,2026-03-30 11:45 PDT,Monday,11,midday,1058,461,522,631,574,459,61,170,113,-2
Big Springs 2,2026-03-30T18:50:29.007802+00:00,2026-03-30 11:50 PDT,Monday,11,midday,1058,450,515,624,571,455,65,174,121,5
Big Springs 2,2026-03-30T18:56:27.762905+00:00,2026-03-30 11:56 PDT,Monday,11,midday,1058,444,507,617,567,451,63,173,123,7
Big Springs 2,2026-03-30T19:01:39.626458+00:00,2026-03-30 12:01 PDT,Monday,12,midday,1058,443,501,611,563,447,58,168,120,4
Big Springs 2,2026-03-30T19:15:37.448497+00:00,2026-03-30 12:15 PDT,Monday,12,midday,1058,445,485,597,556,439,40,152,111,-6
Big Springs 2,2026-03-30T19:30:48.531485+00:00,2026-03-30 12:30 PDT,Monday,12,midday,1058,442,471,584,550,431,29,142,108,-11
Big Springs 2,2026-03-30T19:45:47.142185+00:00,2026-03-30 12:45 PDT,Monday,12,midday,1058,432,460,573,545,425,28,141,113,-7
Big Springs 2,2026-03-30T20:01:00.363121+00:00,2026-03-30 13:01 PDT,Monday,13,midday,1058,429,450,564,541,420,21,135,112,-9
Big Springs 2,2026-03-30T20:15:32.793058+00:00,2026-03-30 13:15 PDT,Monday,13,midday,1058,440,443,558,539,416,3,118,99,-24
Big Springs 2,2026-03-30T20:31:07.731791+00:00,2026-03-30 13:31 PDT,Monday,13,midday,1058,449,437,553,537,413,-12,104,88,-36
Big Springs 2,2026-03-30T20:45:41.973525+00:00,2026-03-30 13:45 PDT,Monday,13,midday,1058,445,433,549,536,412,-12,104,91,-33
Big Springs 2,2026-03-30T21:01:24.007106+00:00,2026-03-30 14:01 PDT,Monday,14,midday,1058,452,429,546,537,412,-23,94,85,-40
Big Springs 2,2026-03-30T21:15:44.143408+00:00,2026-03-30 14:15 PDT,Monday,14,midday,1058,481,427,545,539,413,-54,64,58,-68
Big Springs 2,2026-03-30T21:30:48.325850+00:00,2026-03-30 14:30 PDT,Monday,14,midday,1058,490,426,545,543,417,-64,55,53,-73
Big Springs 2,2026-03-30T21:46:06.863363+00:00,2026-03-30 14:46 PDT,Monday,14,midday,1058,498,426,546,549,422,-72,48,51,-76
Big Springs 2,2026-03-30T22:00:51.880253+00:00,2026-03-30 15:00 PDT,Monday,15,midday,1058,511,428,548,558,431,-83,37,47,-80
Big Springs 2,2026-03-30T22:16:11.690566+00:00,2026-03-30 15:16 PDT,Monday,15,midday,1058,530,431,553,570,442,-99,23,40,-88
Big Springs 2,2026-03-30T22:31:09.069359+00:00,2026-03-30 15:31 PDT,Monday,15,midday,1058,546,436,559,584,457,-110,13,38,-89
Big Springs 2,2026-03-30T22:45:18.494665+00:00,2026-03-30 15:45 PDT,Monday,15,midday,1058,566,443,566,601,473,-123,0,35,-93
Big Springs 2,2026-03-30T23:00:36.627348+00:00,2026-03-30 16:00 PDT,Monday,16,midday,1058,576,453,577,622,495,-123,1,46,-81
Big Springs 2,2026-03-30T23:16:16.902210+00:00,2026-03-30 16:16 PDT,Monday,16,midday,1058,608,466,591,648,520,-142,-17,40,-88
Big Springs 2,2026-03-30T23:30:46.802864+00:00,2026-03-30 16:30 PDT,Monday,16,midday,1058,622,481,607,674,546,-141,-15,52,-76
Big Springs 2,2026-03-30T23:46:03.606457+00:00,2026-03-30 16:46 PDT,Monday,16,midday,1058,640,501,627,705,576,-139,-13,65,-64
Big Springs 2,2026-03-31T00:01:15.538901+00:00,2026-03-30 17:01 PDT,Monday,17,midday,1058,682,523,650,737,608,-159,-32,55,-74
Big Springs 2,2026-03-31T00:15:53.383470+00:00,2026-03-30 17:15 PDT,Monday,17,midday,1058,740,547,675,769,639,-193,-65,29,-101
Big Springs 2,2026-03-31T00:31:01.751514+00:00,2026-03-30 17:31 PDT,Monday,17,midday,1058,760,575,703,804,673,-185,-57,44,-87
Big Springs 2,2026-03-31T00:45:52.046730+00:00,2026-03-30 17:45 PDT,Monday,17,midday,1058,786,604,733,837,706,-182,-53,51,-80
Big Springs 2,2026-03-31T01:01:39.363202+00:00,2026-03-30 18:01 PDT,Monday,18,off-peak,1058,816,638,766,871,740,-178,-50,55,-76
Big Springs 2,2026-03-31T01:15:19.188096+00:00,2026-03-30 18:15 PDT,Monday,18,off-peak,1058,831,668,796,900,767,-163,-35,69,-64
Big Springs 2,2026-03-31T01:30:40.709232+00:00,2026-03-30 18:30 PDT,Monday,18,off-peak,1058,864,702,830,930,797,-162,-34,66,-67
Big Springs 2,2026-03-31T17:45:24.841724+00:00,2026-03-31 10:45 PDT,Tuesday,10,rush,1058,476,615,733,618,508,139,257,142,32
Big Springs 2,2026-03-31T17:50:17.067774+00:00,2026-03-31 10:50 PDT,Tuesday,10,rush,1058,470,604,722,610,500,134,252,140,30
Big Springs 2,2026-03-31T17:55:31.380064+00:00,2026-03-31 10:55 PDT,Tuesday,10,rush,1058,459,593,711,603,492,134,252,144,33
Big Springs 2,2026-03-31T18:00:31.092527+00:00,2026-03-31 11:00 PDT,Tuesday,11,midday,1058,457,583,701,595,486,126,244,138,29
Big Springs 2,2026-03-31T18:05:16.560271+00:00,2026-03-31 11:05 PDT,Tuesday,11,midday,1058,455,573,691,589,479,118,236,134,24
Big Springs 2,2026-03-31T18:10:23.544854+00:00,2026-03-31 11:10 PDT,Tuesday,11,midday,1058,453,563,681,582,473,110,228,129,20
Big Springs 2,2026-03-31T18:15:22.291936+00:00,2026-03-31 11:15 PDT,Tuesday,11,midday,1058,446,554,672,576,467,108,226,130,21
Lot 50,2026-03-29T19:02:03.124431+00:00,2026-03-29 12:02 PDT,Sunday,12,off-peak,413,400,413,413,404,335,13,13,4,-65
Lot 50,2026-03-29T20:02:23.193391+00:00,2026-03-29 13:02 PDT,Sunday,13,off-peak,413,400,399,400,392,318,-1,0,-8,-82
Lot 50,2026-03-29T21:02:22.489545+00:00,2026-03-29 14:02 PDT,Sunday,14,off-peak,413,400,390,391,394,314,-10,-9,-6,-86
Lot 50,2026-03-29T22:02:32.011904+00:00,2026-03-29 15:02 PDT,Sunday,15,off-peak,413,400,395,395,407,325,-5,-5,7,-75
Lot 50,2026-03-29T23:01:57.542300+00:00,2026-03-29 16:01 PDT,Sunday,16,off-peak,413,400,409,409,413,347,9,9,13,-53
Lot 50,2026-03-30T00:01:11.801612+00:00,2026-03-29 17:01 PDT,Sunday,17,off-peak,413,400,413,413,413,372,13,13,13,-28
Lot 50,2026-03-30T00:16:22.384128+00:00,2026-03-29 17:16 PDT,Sunday,17,off-peak,413,400,413,413,413,378,13,13,13,-22
Lot 50,2026-03-30T00:31:37.104381+00:00,2026-03-29 17:31 PDT,Sunday,17,off-peak,413,400,413,413,413,384,13,13,13,-16
Lot 50,2026-03-30T00:46:03.079927+00:00,2026-03-29 17:46 PDT,Sunday,17,off-peak,413,400,413,413,413,389,13,13,13,-11
Lot 50,2026-03-30T01:02:37.639269+00:00,2026-03-29 18:02 PDT,Sunday,18,off-peak,413,400,413,413,413,395,13,13,13,-5
Lot 50,2026-03-30T01:16:37.190286+00:00,2026-03-29 18:16 PDT,Sunday,18,off-peak,413,400,413,413,413,399,13,13,13,-1
Lot 50,2026-03-30T01:31:08.831157+00:00,2026-03-29 18:31 PDT,Sunday,18,off-peak,413,400,413,413,413,402,13,13,13,2
Lot 50,2026-03-30T01:46:36.880313+00:00,2026-03-29 18:46 PDT,Sunday,18,off-peak,413,400,413,413,413,405,13,13,13,5
Lot 50,2026-03-30T02:02:13.543424+00:00,2026-03-29 19:02 PDT,Sunday,19,off-peak,413,400,413,413,413,408,13,13,13,8
Lot 50,2026-03-30T03:02:31.914618+00:00,2026-03-29 20:02 PDT,Sunday,20,off-peak,413,400,413,413,413,413,13,13,13,13
Lot 50,2026-03-30T04:02:03.908345+00:00,2026-03-29 21:02 PDT,Sunday,21,off-peak,413,400,413,413,413,413,13,13,13,13
Lot 50,2026-03-30T05:02:21.782679+00:00,2026-03-29 22:02 PDT,Sunday,22,off-peak,413,400,413,413,413,413,13,13,13,13
Lot 50,2026-03-30T06:01:49.328992+00:00,2026-03-29 23:01 PDT,Sunday,23,off-peak,413,400,413,413,413,413,13,13,13,13
Lot 50,2026-03-30T07:02:11.289644+00:00,2026-03-30 00:02 PDT,Monday,0,off-peak,413,400,413,413,413,410,13,13,13,10
Lot 50,2026-03-30T08:02:38.348603+00:00,2026-03-30 01:02 PDT,Monday,1,off-peak,413,400,413,413,413,405,13,13,13,5
Lot 50,2026-03-30T09:01:47.147102+00:00,2026-03-30 02:01 PDT,Monday,2,off-peak,413,400,413,413,413,403,13,13,13,3
Lot 50,2026-03-30T10:01:59.574362+00:00,2026-03-30 03:01 PDT,Monday,3,off-peak,413,400,413,413,413,406,13,13,13,6
Lot 50,2026-03-30T11:01:41.444384+00:00,2026-03-30 04:01 PDT,Monday,4,off-peak,413,400,413,413,413,413,13,13,13,13
Lot 50,2026-03-30T12:02:05.297272+00:00,2026-03-30 05:02 PDT,Monday,5,off-peak,413,400,413,413,413,413,13,13,13,13
Lot 50,2026-03-30T13:01:31.968242+00:00,2026-03-30 06:01 PDT,Monday,6,rush,413,400,413,413,413,413,13,13,13,13
Lot 50,2026-03-30T13:05:53.171822+00:00,2026-03-30 06:05 PDT,Monday,6,rush,413,400,413,413,413,413,13,13,13,13
Lot 50,2026-03-30T13:11:11.117980+00:00,2026-03-30 06:11 PDT,Monday,6,rush,413,400,413,413,413,413,13,13,13,13
Lot 50,2026-03-30T13:16:23.474656+00:00,2026-03-30 06:16 PDT,Monday,6,rush,413,400,413,413,413,413,13,13,13,13
Lot 50,2026-03-30T13:21:03.370216+00:00,2026-03-30 06:21 PDT,Monday,6,rush,413,400,413,413,413,413,13,13,13,13
Lot 50,2026-03-30T13:26:17.878085+00:00,2026-03-30 06:26 PDT,Monday,6,rush,413,400,413,413,413,413,13,13,13,13
Lot 50,2026-03-30T13:31:33.131600+00:00,2026-03-30 06:31 PDT,Monday,6,rush,413,400,413,413,413,412,13,13,13,12
Lot 50,2026-03-30T13:35:54.102102+00:00,2026-03-30 06:35 PDT,Monday,6,rush,413,400,413,413,413,411,13,13,13,11
Lot 50,2026-03-30T13:41:36.240109+00:00,2026-03-30 06:41 PDT,Monday,6,rush,413,400,413,413,413,410,13,13,13,10
Lot 50,2026-03-30T13:45:58.583683+00:00,2026-03-30 06:45 PDT,Monday,6,rush,413,400,413,413,413,409,13,13,13,9
Lot 50,2026-03-30T13:50:46.642141+00:00,2026-03-30 06:50 PDT,Monday,6,rush,413,400,413,413,413,408,13,13,13,8
Lot 50,2026-03-30T13:56:03.804769+00:00,2026-03-30 06:56 PDT,Monday,6,rush,413,400,413,413,413,406,13,13,13,6
Lot 50,2026-03-30T14:00:52.868819+00:00,2026-03-30 07:00 PDT,Monday,7,rush,413,400,413,413,413,405,13,13,13,5
Lot 50,2026-03-30T14:05:57.558667+00:00,2026-03-30 07:05 PDT,Monday,7,rush,413,400,413,413,413,403,13,13,13,3
Lot 50,2026-03-30T14:11:19.207738+00:00,2026-03-30 07:11 PDT,Monday,7,rush,413,400,413,413,413,401,13,13,13,1
Lot 50,2026-03-30T14:15:59.261647+00:00,2026-03-30 07:15 PDT,Monday,7,rush,413,400,413,413,413,400,13,13,13,0
Lot 50,2026-03-30T14:20:57.098532+00:00,2026-03-30 07:20 PDT,Monday,7,rush,413,400,413,413,413,398,13,13,13,-2
Lot 50,2026-03-30T14:25:47.761327+00:00,2026-03-30 07:25 PDT,Monday,7,rush,413,400,413,413,413,396,13,13,13,-4
Lot 50,2026-03-30T14:32:09.165824+00:00,2026-03-30 07:32 PDT,Monday,7,rush,413,400,413,413,413,393,13,13,13,-7
Lot 50,2026-03-30T14:35:51.432147+00:00,2026-03-30 07:35 PDT,Monday,7,rush,413,400,413,413,413,392,13,13,13,-8
Lot 50,2026-03-30T14:41:29.008558+00:00,2026-03-30 07:41 PDT,Monday,7,rush,413,400,413,413,413,390,13,13,13,-10
Lot 50,2026-03-30T14:46:08.824849+00:00,2026-03-30 07:46 PDT,Monday,7,rush,413,400,413,413,413,388,13,13,13,-12
Lot 50,2026-03-30T14:50:52.283438+00:00,2026-03-30 07:50 PDT,Monday,7,rush,413,400,413,413,413,386,13,13,13,-14
Lot 50,2026-03-30T14:55:54.612380+00:00,2026-03-30 07:55 PDT,Monday,7,rush,413,400,413,413,413,383,13,13,13,-17
Lot 50,2026-03-30T15:01:22.845827+00:00,2026-03-30 08:01 PDT,Monday,8,rush,413,400,413,413,413,381,13,13,13,-19
Lot 50,2026-03-30T15:11:01.978953+00:00,2026-03-30 08:11 PDT,Monday,8,rush,413,400,413,413,413,376,13,13,13,-24
Lot 50,2026-03-30T15:16:18.300842+00:00,2026-03-30 08:16 PDT,Monday,8,rush,413,400,413,413,413,374,13,13,13,-26
Lot 50,2026-03-30T15:20:58.261555+00:00,2026-03-30 08:20 PDT,Monday,8,rush,413,400,413,413,413,372,13,13,13,-28
Lot 50,2026-03-30T15:26:00.342745+00:00,2026-03-30 08:26 PDT,Monday,8,rush,413,400,413,413,413,369,13,13,13,-31
Lot 50,2026-03-30T15:31:26.470038+00:00,2026-03-30 08:31 PDT,Monday,8,rush,413,400,413,413,413,367,13,13,13,-33
Lot 50,2026-03-30T15:35:52.761443+00:00,2026-03-30 08:35 PDT,Monday,8,rush,413,400,413,413,413,364,13,13,13,-36
Lot 50,2026-03-30T15:41:16.311369+00:00,2026-03-30 08:41 PDT,Monday,8,rush,413,400,413,413,413,362,13,13,13,-38
Lot 50,2026-03-30T15:46:47.725039+00:00,2026-03-30 08:46 PDT,Monday,8,rush,413,400,413,413,413,359,13,13,13,-41
Lot 50,2026-03-30T15:51:31.508019+00:00,2026-03-30 08:51 PDT,Monday,8,rush,413,400,413,413,413,356,13,13,13,-44
Lot 50,2026-03-30T15:55:47.677303+00:00,2026-03-30 08:55 PDT,Monday,8,rush,413,400,413,413,413,354,13,13,13,-46
Lot 50,2026-03-30T16:01:46.462052+00:00,2026-03-30 09:01 PDT,Monday,9,rush,413,400,413,413,413,351,13,13,13,-49
Lot 50,2026-03-30T16:06:08.137113+00:00,2026-03-30 09:06 PDT,Monday,9,rush,413,400,413,413,413,349,13,13,13,-51
Lot 50,2026-03-30T16:10:52.436216+00:00,2026-03-30 09:10 PDT,Monday,9,rush,413,400,413,413,413,346,13,13,13,-54
Lot 50,2026-03-30T16:15:56.670490+00:00,2026-03-30 09:15 PDT,Monday,9,rush,413,400,413,413,411,343,13,13,11,-57
Lot 50,2026-03-30T16:21:15.011456+00:00,2026-03-30 09:21 PDT,Monday,9,rush,413,400,413,413,408,341,13,13,8,-59
Lot 50,2026-03-30T16:26:03.420443+00:00,2026-03-30 09:26 PDT,Monday,9,rush,413,400,413,413,405,338,13,13,5,-62
Lot 50,2026-03-30T16:31:13.170391+00:00,2026-03-30 09:31 PDT,Monday,9,rush,413,400,413,413,403,335,13,13,3,-65
Lot 50,2026-03-30T16:36:07.850531+00:00,2026-03-30 09:36 PDT,Monday,9,rush,413,400,413,413,400,333,13,13,0,-67
Lot 50,2026-03-30T16:41:47.208851+00:00,2026-03-30 09:41 PDT,Monday,9,rush,413,400,413,413,397,330,13,13,-3,-70
Lot 50,2026-03-30T16:46:15.786567+00:00,2026-03-30 09:46 PDT,Monday,9,rush,413,400,413,413,395,327,13,13,-5,-73
Lot 50,2026-03-30T16:50:59.726902+00:00,2026-03-30 09:50 PDT,Monday,9,rush,413,400,413,413,393,325,13,13,-7,-75
Lot 50,2026-03-30T16:56:09.989104+00:00,2026-03-30 09:56 PDT,Monday,9,rush,413,400,413,413,390,322,13,13,-10,-78
Lot 50,2026-03-30T17:01:44.169992+00:00,2026-03-30 10:01 PDT,Monday,10,rush,413,400,413,413,387,319,13,13,-13,-81
Lot 50,2026-03-30T17:06:12.618190+00:00,2026-03-30 10:06 PDT,Monday,10,rush,413,400,413,413,385,317,13,13,-15,-83
Lot 50,2026-03-30T17:10:57.123960+00:00,2026-03-30 10:10 PDT,Monday,10,rush,413,400,412,413,383,314,12,13,-17,-86
Lot 50,2026-03-30T17:15:53.329245+00:00,2026-03-30 10:15 PDT,Monday,10,rush,413,400,410,411,380,312,10,11,-20,-88
Lot 50,2026-03-30T17:21:02.168170+00:00,2026-03-30 10:21 PDT,Monday,10,rush,413,400,407,409,378,309,7,9,-22,-91
Lot 50,2026-03-30T17:25:47.718575+00:00,2026-03-30 10:25 PDT,Monday,10,rush,413,400,404,406,375,306,4,6,-25,-94
Lot 50,2026-03-30T17:30:21.634923+00:00,2026-03-30 10:30 PDT,Monday,10,rush,413,400,402,404,373,304,2,4,-27,-96
Lot 50,2026-03-30T17:35:16.649463+00:00,2026-03-30 10:35 PDT,Monday,10,rush,413,400,399,402,371,301,-1,2,-29,-99
Lot 50,2026-03-30T17:41:05.740005+00:00,2026-03-30 10:41 PDT,Monday,10,rush,413,400,396,399,368,299,-4,-1,-32,-101
Lot 50,2026-03-30T17:45:32.748962+00:00,2026-03-30 10:45 PDT,Monday,10,rush,413,400,393,396,366,296,-7,-4,-34,-104
Lot 50,2026-03-30T17:50:31.307279+00:00,2026-03-30 10:50 PDT,Monday,10,rush,413,400,390,394,364,294,-10,-6,-36,-106
Lot 50,2026-03-30T17:55:24.873365+00:00,2026-03-30 10:55 PDT,Monday,10,rush,413,400,387,391,361,291,-13,-9,-39,-109
Lot 50,2026-03-30T18:00:31.123187+00:00,2026-03-30 11:00 PDT,Monday,11,midday,413,400,384,388,359,289,-16,-12,-41,-111
Lot 50,2026-03-30T18:05:25.531911+00:00,2026-03-30 11:05 PDT,Monday,11,midday,413,400,382,386,357,286,-18,-14,-43,-114
Lot 50,2026-03-30T18:10:20.518501+00:00,2026-03-30 11:10 PDT,Monday,11,midday,413,400,379,383,355,284,-21,-17,-45,-116
Lot 50,2026-03-30T18:15:35.555995+00:00,2026-03-30 11:15 PDT,Monday,11,midday,413,400,376,380,353,282,-24,-20,-47,-118
Lot 50,2026-03-30T18:20:49.335037+00:00,2026-03-30 11:20 PDT,Monday,11,midday,413,400,373,378,351,279,-27,-22,-49,-121
Lot 50,2026-03-30T18:25:23.743368+00:00,2026-03-30 11:25 PDT,Monday,11,midday,413,400,371,375,349,277,-29,-25,-51,-123
Lot 50,2026-03-30T18:30:48.318430+00:00,2026-03-30 11:30 PDT,Monday,11,midday,413,400,368,373,347,275,-32,-27,-53,-125
Lot 50,2026-03-30T18:35:29.100265+00:00,2026-03-30 11:35 PDT,Monday,11,midday,413,400,365,370,345,273,-35,-30,-55,-127
Lot 50,2026-03-30T18:40:24.202071+00:00,2026-03-30 11:40 PDT,Monday,11,midday,413,400,362,368,343,271,-38,-32,-57,-129
Lot 50,2026-03-30T18:45:15.553809+00:00,2026-03-30 11:45 PDT,Monday,11,midday,413,400,360,365,342,269,-40,-35,-58,-131
Lot 50,2026-03-30T18:50:29.616812+00:00,2026-03-30 11:50 PDT,Monday,11,midday,413,400,357,363,340,266,-43,-37,-60,-134
Lot 50,2026-03-30T18:56:28.363163+00:00,2026-03-30 11:56 PDT,Monday,11,midday,413,400,354,360,338,264,-46,-40,-62,-136
Lot 50,2026-03-30T19:01:40.241721+00:00,2026-03-30 12:01 PDT,Monday,12,midday,413,400,352,358,336,262,-48,-42,-64,-138
Lot 50,2026-03-30T19:15:38.060962+00:00,2026-03-30 12:15 PDT,Monday,12,midday,413,400,346,352,332,257,-54,-48,-68,-143
Lot 50,2026-03-30T19:30:49.137935+00:00,2026-03-30 12:30 PDT,Monday,12,midday,413,400,339,346,329,252,-61,-54,-71,-148
Lot 50,2026-03-30T19:45:47.748813+00:00,2026-03-30 12:45 PDT,Monday,12,midday,413,400,334,341,326,248,-66,-59,-74,-152
Lot 50,2026-03-30T20:01:00.978433+00:00,2026-03-30 13:01 PDT,Monday,13,midday,413,400,329,336,324,245,-71,-64,-76,-155
Lot 50,2026-03-30T20:15:33.407129+00:00,2026-03-30 13:15 PDT,Monday,13,midday,413,400,326,333,323,242,-74,-67,-77,-158
Lot 50,2026-03-30T20:31:08.330737+00:00,2026-03-30 13:31 PDT,Monday,13,midday,413,400,323,330,323,241,-77,-70,-77,-159
Lot 50,2026-03-30T20:45:42.632965+00:00,2026-03-30 13:45 PDT,Monday,13,midday,413,400,321,328,324,240,-79,-72,-76,-160
Lot 50,2026-03-30T21:01:24.618490+00:00,2026-03-30 14:01 PDT,Monday,14,midday,413,400,320,327,325,240,-80,-73,-75,-160
Lot 50,2026-03-30T21:15:44.752334+00:00,2026-03-30 14:15 PDT,Monday,14,midday,413,400,320,327,328,241,-80,-73,-72,-159
Lot 50,2026-03-30T21:30:48.932589+00:00,2026-03-30 14:30 PDT,Monday,14,midday,413,400,321,328,331,244,-79,-72,-69,-156
Lot 50,2026-03-30T21:46:07.485617+00:00,2026-03-30 14:46 PDT,Monday,14,midday,413,400,322,329,334,247,-78,-71,-66,-153
Lot 50,2026-03-30T22:00:52.488514+00:00,2026-03-30 15:00 PDT,Monday,15,midday,413,400,324,331,339,251,-76,-69,-61,-149
Lot 50,2026-03-30T22:16:12.313219+00:00,2026-03-30 15:16 PDT,Monday,15,midday,413,400,327,334,344,256,-73,-66,-56,-144
Lot 50,2026-03-30T22:31:09.682084+00:00,2026-03-30 15:31 PDT,Monday,15,midday,413,400,330,337,349,261,-70,-63,-51,-139
Lot 50,2026-03-30T22:45:19.103906+00:00,2026-03-30 15:45 PDT,Monday,15,midday,413,400,334,341,354,267,-66,-59,-46,-133
Lot 50,2026-03-30T23:00:37.236018+00:00,2026-03-30 16:00 PDT,Monday,16,midday,413,400,339,345,360,273,-61,-55,-40,-127
Lot 50,2026-03-30T23:16:17.506205+00:00,2026-03-30 16:16 PDT,Monday,16,midday,413,400,343,350,365,280,-57,-50,-35,-120
Lot 50,2026-03-30T23:30:47.402328+00:00,2026-03-30 16:30 PDT,Monday,16,midday,413,400,348,354,371,286,-52,-46,-29,-114
Lot 50,2026-03-30T23:46:04.206845+00:00,2026-03-30 16:46 PDT,Monday,16,midday,413,400,353,359,376,293,-47,-41,-24,-107
Lot 50,2026-03-31T00:01:16.145132+00:00,2026-03-30 17:01 PDT,Monday,17,midday,413,400,359,364,381,300,-41,-36,-19,-100
Lot 50,2026-03-31T00:15:53.992773+00:00,2026-03-30 17:15 PDT,Monday,17,midday,413,400,364,369,385,306,-36,-31,-15,-94
Lot 50,2026-03-31T00:31:02.369795+00:00,2026-03-30 17:31 PDT,Monday,17,midday,413,400,369,374,389,312,-31,-26,-11,-88
Lot 50,2026-03-31T00:45:52.653567+00:00,2026-03-30 17:45 PDT,Monday,17,midday,413,400,374,378,392,318,-26,-22,-8,-82
Lot 50,2026-03-31T01:01:39.976382+00:00,2026-03-30 18:01 PDT,Monday,18,off-peak,413,400,379,383,395,323,-21,-17,-5,-77
Lot 50,2026-03-31T01:15:19.800722+00:00,2026-03-30 18:15 PDT,Monday,18,off-peak,413,400,383,387,397,327,-17,-13,-3,-73
Lot 50,2026-03-31T01:30:41.308259+00:00,2026-03-30 18:30 PDT,Monday,18,off-peak,413,400,387,391,398,331,-13,-9,-2,-69
Lot 50,2026-03-31T01:46:04.374391+00:00,2026-03-30 18:46 PDT,Monday,18,off-peak,413,400,391,394,399,335,-9,-6,-1,-65
Lot 50,2026-03-31T02:02:12.452786+00:00,2026-03-30 19:02 PDT,Monday,19,off-peak,413,400,394,397,400,338,-6,-3,0,-62
Lot 50,2026-03-31T03:01:40.501449+00:00,2026-03-30 20:01 PDT,Monday,20,off-peak,413,400,402,403,398,346,2,3,-2,-54
Lot 50,2026-03-31T04:02:11.440027+00:00,2026-03-30 21:02 PDT,Monday,21,off-peak,413,400,403,404,397,350,3,4,-3,-50
Lot 50,2026-03-31T05:02:15.243643+00:00,2026-03-30 22:02 PDT,Monday,22,off-peak,413,400,401,402,399,351,1,2,-1,-49
Lot 50,2026-03-31T07:03:06.328432+00:00,2026-03-31 00:03 PDT,Tuesday,0,off-peak,413,400,402,403,405,349,2,3,5,-51
Lot 50,2026-03-31T08:02:56.410472+00:00,2026-03-31 01:02 PDT,Tuesday,1,off-peak,413,400,406,406,404,346,6,6,4,-54
Lot 50,2026-03-31T09:03:35.919023+00:00,2026-03-31 02:03 PDT,Tuesday,2,off-peak,413,400,407,408,402,347,7,8,2,-53
Lot 50,2026-03-31T10:02:10.851047+00:00,2026-03-31 03:02 PDT,Tuesday,3,off-peak,413,400,406,407,403,353,6,7,3,-47
Lot 50,2026-03-31T11:02:04.437385+00:00,2026-03-31 04:02 PDT,Tuesday,4,off-peak,413,400,403,404,408,363,3,4,8,-37
Lot 50,2026-03-31T12:02:14.070079+00:00,2026-03-31 05:02 PDT,Tuesday,5,off-peak,413,400,404,404,413,372,4,4,13,-28
Lot 50,2026-03-31T13:01:43.583409+00:00,2026-03-31 06:01 PDT,Tuesday,6,rush,413,400,410,408,413,373,10,8,13,-27
Lot 50,2026-03-31T13:06:14.342488+00:00,2026-03-31 06:06 PDT,Tuesday,6,rush,413,400,410,408,413,373,10,8,13,-27
Lot 50,2026-03-31T13:11:28.052038+00:00,2026-03-31 06:11 PDT,Tuesday,6,rush,413,400,411,409,413,372,11,9,13,-28
Lot 50,2026-03-31T13:15:52.397767+00:00,2026-03-31 06:15 PDT,Tuesday,6,rush,413,400,411,409,413,372,11,9,13,-28
Lot 50,2026-03-31T13:21:07.965851+00:00,2026-03-31 06:21 PDT,Tuesday,6,rush,413,400,412,410,413,371,12,10,13,-29
Lot 50,2026-03-31T13:26:06.929880+00:00,2026-03-31 06:26 PDT,Tuesday,6,rush,413,400,412,410,413,370,12,10,13,-30
Lot 50,2026-03-31T13:31:29.487902+00:00,2026-03-31 06:31 PDT,Tuesday,6,rush,413,400,413,411,413,369,13,11,13,-31
Lot 50,2026-03-31T13:36:20.964090+00:00,2026-03-31 06:36 PDT,Tuesday,6,rush,413,400,413,411,413,369,13,11,13,-31
Lot 50,2026-03-31T13:40:56.419999+00:00,2026-03-31 06:40 PDT,Tuesday,6,rush,413,400,413,412,413,368,13,12,13,-32
Lot 50,2026-03-31T13:45:54.381783+00:00,2026-03-31 06:45 PDT,Tuesday,6,rush,413,400,413,412,413,367,13,12,13,-33
Lot 50,2026-03-31T13:50:54.955430+00:00,2026-03-31 06:50 PDT,Tuesday,6,rush,413,400,413,413,413,366,13,13,13,-34
Lot 50,2026-03-31T13:55:51.183382+00:00,2026-03-31 06:55 PDT,Tuesday,6,rush,413,400,413,413,413,364,13,13,13,-36
Lot 50,2026-03-31T14:01:29.520691+00:00,2026-03-31 07:01 PDT,Tuesday,7,rush,413,400,413,413,413,363,13,13,13,-37
Lot 50,2026-03-31T14:05:46.588936+00:00,2026-03-31 07:05 PDT,Tuesday,7,rush,413,400,413,413,413,362,13,13,13,-38
Lot 50,2026-03-31T14:10:56.280255+00:00,2026-03-31 07:10 PDT,Tuesday,7,rush,413,400,413,413,413,360,13,13,13,-40
Lot 50,2026-03-31T14:16:19.961041+00:00,2026-03-31 07:16 PDT,Tuesday,7,rush,413,400,413,413,413,359,13,13,13,-41
Lot 50,2026-03-31T14:20:56.775462+00:00,2026-03-31 07:20 PDT,Tuesday,7,rush,413,400,413,413,413,357,13,13,13,-43
Lot 50,2026-03-31T14:26:06.769977+00:00,2026-03-31 07:26 PDT,Tuesday,7,rush,413,400,413,413,413,356,13,13,13,-44
Lot 50,2026-03-31T14:30:41.572248+00:00,2026-03-31 07:30 PDT,Tuesday,7,rush,413,400,413,413,413,354,13,13,13,-46
Lot 50,2026-03-31T14:36:02.933093+00:00,2026-03-31 07:36 PDT,Tuesday,7,rush,413,400,413,413,412,352,13,13,12,-48
Lot 50,2026-03-31T14:41:16.510693+00:00,2026-03-31 07:41 PDT,Tuesday,7,rush,413,400,413,413,410,350,13,13,10,-50
Lot 50,2026-03-31T14:45:45.814673+00:00,2026-03-31 07:45 PDT,Tuesday,7,rush,413,400,413,413,409,349,13,13,9,-51
Lot 50,2026-03-31T14:50:59.012465+00:00,2026-03-31 07:50 PDT,Tuesday,7,rush,413,400,413,413,407,347,13,13,7,-53
Lot 50,2026-03-31T14:55:59.834829+00:00,2026-03-31 07:55 PDT,Tuesday,7,rush,413,400,413,413,406,345,13,13,6,-55
Lot 50,2026-03-31T15:01:56.171894+00:00,2026-03-31 08:01 PDT,Tuesday,8,rush,413,400,413,413,404,342,13,13,4,-58
Lot 50,2026-03-31T15:05:59.660925+00:00,2026-03-31 08:05 PDT,Tuesday,8,rush,413,400,413,413,403,341,13,13,3,-59
Lot 50,2026-03-31T15:10:49.480634+00:00,2026-03-31 08:10 PDT,Tuesday,8,rush,413,400,413,413,401,339,13,13,1,-61
Lot 50,2026-03-31T15:16:18.622603+00:00,2026-03-31 08:16 PDT,Tuesday,8,rush,413,400,413,413,399,336,13,13,-1,-64
Lot 50,2026-03-31T15:21:15.318828+00:00,2026-03-31 08:21 PDT,Tuesday,8,rush,413,400,413,413,397,334,13,13,-3,-66
Lot 50,2026-03-31T15:25:58.184064+00:00,2026-03-31 08:25 PDT,Tuesday,8,rush,413,400,413,413,395,332,13,13,-5,-68
Lot 50,2026-03-31T15:31:30.238216+00:00,2026-03-31 08:31 PDT,Tuesday,8,rush,413,400,412,412,393,330,12,12,-7,-70
Lot 50,2026-03-31T15:36:30.826436+00:00,2026-03-31 08:36 PDT,Tuesday,8,rush,413,400,411,411,391,327,11,11,-9,-73
Lot 50,2026-03-31T15:41:14.053464+00:00,2026-03-31 08:41 PDT,Tuesday,8,rush,413,400,410,410,389,325,10,10,-11,-75
Lot 50,2026-03-31T15:45:50.569346+00:00,2026-03-31 08:45 PDT,Tuesday,8,rush,413,400,409,409,387,323,9,9,-13,-77
Lot 50,2026-03-31T15:50:43.228527+00:00,2026-03-31 08:50 PDT,Tuesday,8,rush,413,400,408,408,385,321,8,8,-15,-79
Lot 50,2026-03-31T15:55:55.720953+00:00,2026-03-31 08:55 PDT,Tuesday,8,rush,413,400,406,407,383,318,6,7,-17,-82
Lot 50,2026-03-31T16:01:48.351947+00:00,2026-03-31 09:01 PDT,Tuesday,9,rush,413,400,405,406,381,316,5,6,-19,-84
Lot 50,2026-03-31T16:06:02.784437+00:00,2026-03-31 09:06 PDT,Tuesday,9,rush,413,400,403,405,379,313,3,5,-21,-87
Lot 50,2026-03-31T16:10:59.162228+00:00,2026-03-31 09:10 PDT,Tuesday,9,rush,413,400,402,403,377,311,2,3,-23,-89
Lot 50,2026-03-31T16:15:51.310567+00:00,2026-03-31 09:15 PDT,Tuesday,9,rush,413,400,400,402,374,309,0,2,-26,-91
Lot 50,2026-03-31T16:21:33.795471+00:00,2026-03-31 09:21 PDT,Tuesday,9,rush,413,400,398,400,372,306,-2,0,-28,-94
Lot 50,2026-03-31T16:26:15.095712+00:00,2026-03-31 09:26 PDT,Tuesday,9,rush,413,400,396,399,370,304,-4,-1,-30,-96
Lot 50,2026-03-31T16:31:46.375753+00:00,2026-03-31 09:31 PDT,Tuesday,9,rush,413,400,394,397,367,301,-6,-3,-33,-99
Lot 50,2026-03-31T16:35:48.880998+00:00,2026-03-31 09:35 PDT,Tuesday,9,rush,413,400,392,395,365,299,-8,-5,-35,-101
Lot 50,2026-03-31T16:41:15.878291+00:00,2026-03-31 09:41 PDT,Tuesday,9,rush,413,400,390,393,363,297,-10,-7,-37,-103
Lot 50,2026-03-31T16:45:58.845319+00:00,2026-03-31 09:45 PDT,Tuesday,9,rush,413,400,388,392,360,294,-12,-8,-40,-106
Lot 50,2026-03-31T16:51:06.280770+00:00,2026-03-31 09:51 PDT,Tuesday,9,rush,413,400,386,390,358,292,-14,-10,-42,-108
Lot 50,2026-03-31T16:56:10.351044+00:00,2026-03-31 09:56 PDT,Tuesday,9,rush,413,400,384,388,356,289,-16,-12,-44,-111
Lot 50,2026-03-31T17:00:47.355809+00:00,2026-03-31 10:00 PDT,Tuesday,10,rush,413,400,381,386,354,287,-19,-14,-46,-113
Lot 50,2026-03-31T17:05:54.674877+00:00,2026-03-31 10:05 PDT,Tuesday,10,rush,413,400,379,383,351,285,-21,-17,-49,-115
Lot 50,2026-03-31T17:10:53.899433+00:00,2026-03-31 10:10 PDT,Tuesday,10,rush,413,400,376,381,349,282,-24,-19,-51,-118
Lot 50,2026-03-31T17:15:51.288085+00:00,2026-03-31 10:15 PDT,Tuesday,10,rush,413,400,374,379,347,280,-26,-21,-53,-120
Lot 50,2026-03-31T17:20:59.466467+00:00,2026-03-31 10:20 PDT,Tuesday,10,rush,413,400,371,377,344,277,-29,-23,-56,-123
Lot 50,2026-03-31T17:25:51.401186+00:00,2026-03-31 10:25 PDT,Tuesday,10,rush,413,400,369,374,342,275,-31,-26,-58,-125
Lot 50,2026-03-31T17:32:39.620987+00:00,2026-03-31 10:32 PDT,Tuesday,10,rush,413,400,365,371,339,272,-35,-29,-61,-128
Lot 50,2026-03-31T17:36:05.428521+00:00,2026-03-31 10:36 PDT,Tuesday,10,rush,413,400,364,370,338,270,-36,-30,-62,-130
Lot 50,2026-03-31T17:41:10.057311+00:00,2026-03-31 10:41 PDT,Tuesday,10,rush,413,400,361,367,336,268,-39,-33,-64,-132
Lot 50,2026-03-31T17:45:25.660599+00:00,2026-03-31 10:45 PDT,Tuesday,10,rush,413,400,359,365,334,266,-41,-35,-66,-134
Lot 50,2026-03-31T17:50:17.761311+00:00,2026-03-31 10:50 PDT,Tuesday,10,rush,413,400,356,363,332,264,-44,-37,-68,-136
Lot 50,2026-03-31T17:55:32.078295+00:00,2026-03-31 10:55 PDT,Tuesday,10,rush,413,400,353,360,330,262,-47,-40,-70,-138
Lot 50,2026-03-31T18:00:31.799854+00:00,2026-03-31 11:00 PDT,Tuesday,11,midday,413,400,351,358,328,259,-49,-42,-72,-141
Lot 50,2026-03-31T18:05:17.205020+00:00,2026-03-31 11:05 PDT,Tuesday,11,midday,413,400,348,355,326,257,-52,-45,-74,-143
Lot 50,2026-03-31T18:10:24.206627+00:00,2026-03-31 11:10 PDT,Tuesday,11,midday,413,400,345,353,324,255,-55,-47,-76,-145
Lot 50,2026-03-31T18:15:22.944097+00:00,2026-03-31 11:15 PDT,Tuesday,11,midday,413,400,343,351,322,253,-57,-49,-78,-147
Lot 26,2026-03-29T19:02:02.820061+00:00,2026-03-29 12:02 PDT,Sunday,12,off-peak,436,415,376,415,372,315,-39,0,-43,-100
Lot 26,2026-03-29T20:02:22.887519+00:00,2026-03-29 13:02 PDT,Sunday,13,off-peak,436,415,352,392,353,293,-63,-23,-62,-122
Lot 26,2026-03-29T21:02:22.190040+00:00,2026-03-29 14:02 PDT,Sunday,14,off-peak,436,415,335,375,341,278,-80,-40,-74,-137
Lot 26,2026-03-29T22:02:31.708326+00:00,2026-03-29 15:02 PDT,Sunday,15,off-peak,436,415,325,367,342,279,-90,-48,-73,-136
Lot 26,2026-03-29T23:01:57.243029+00:00,2026-03-29 16:01 PDT,Sunday,16,off-peak,436,415,330,372,363,301,-85,-43,-52,-114
Lot 26,2026-03-30T00:01:11.490991+00:00,2026-03-29 17:01 PDT,Sunday,17,off-peak,436,415,351,393,399,340,-64,-22,-16,-75
Lot 26,2026-03-30T00:16:22.081701+00:00,2026-03-29 17:16 PDT,Sunday,17,off-peak,436,415,359,400,409,351,-56,-15,-6,-64
Lot 26,2026-03-30T00:31:36.806996+00:00,2026-03-29 17:31 PDT,Sunday,17,off-peak,436,415,368,409,420,362,-47,-6,5,-53
Lot 26,2026-03-30T00:46:02.778996+00:00,2026-03-29 17:46 PDT,Sunday,17,off-peak,436,415,377,417,429,372,-38,2,14,-43
Lot 26,2026-03-30T01:02:37.333005+00:00,2026-03-29 18:02 PDT,Sunday,18,off-peak,436,415,388,427,436,383,-27,12,21,-32
Lot 26,2026-03-30T01:16:36.887544+00:00,2026-03-29 18:16 PDT,Sunday,18,off-peak,436,415,397,436,436,392,-18,21,21,-23
Lot 26,2026-03-30T01:31:08.523881+00:00,2026-03-29 18:31 PDT,Sunday,18,off-peak,436,415,407,436,436,400,-8,21,21,-15
Lot 26,2026-03-30T01:46:36.577377+00:00,2026-03-29 18:46 PDT,Sunday,18,off-peak,436,415,417,436,436,407,2,21,21,-8
Lot 26,2026-03-30T02:02:13.245340+00:00,2026-03-29 19:02 PDT,Sunday,19,off-peak,436,415,426,436,436,414,11,21,21,-1
Lot 26,2026-03-30T03:02:31.605895+00:00,2026-03-29 20:02 PDT,Sunday,20,off-peak,436,415,436,436,436,429,21,21,21,14
Lot 26,2026-03-30T04:02:03.596629+00:00,2026-03-29 21:02 PDT,Sunday,21,off-peak,436,415,436,436,436,435,21,21,21,20
Lot 26,2026-03-30T05:02:21.476374+00:00,2026-03-29 22:02 PDT,Sunday,22,off-peak,436,415,436,436,436,436,21,21,21,21
Lot 26,2026-03-30T06:01:49.032928+00:00,2026-03-29 23:01 PDT,Sunday,23,off-peak,436,415,436,436,436,436,21,21,21,21
Lot 26,2026-03-30T07:02:10.980268+00:00,2026-03-30 00:02 PDT,Monday,0,off-peak,436,415,436,436,436,436,21,21,21,21
Lot 26,2026-03-30T08:02:38.044099+00:00,2026-03-30 01:02 PDT,Monday,1,off-peak,436,415,436,436,436,436,21,21,21,21
Lot 26,2026-03-30T09:01:46.846166+00:00,2026-03-30 02:01 PDT,Monday,2,off-peak,436,415,436,436,436,436,21,21,21,21
Lot 26,2026-03-30T10:01:59.269775+00:00,2026-03-30 03:01 PDT,Monday,3,off-peak,436,415,436,436,436,436,21,21,21,21
Lot 26,2026-03-30T11:01:41.139709+00:00,2026-03-30 04:01 PDT,Monday,4,off-peak,436,415,436,436,436,436,21,21,21,21
Lot 26,2026-03-30T12:02:04.998294+00:00,2026-03-30 05:02 PDT,Monday,5,off-peak,436,415,436,436,436,436,21,21,21,21
Lot 26,2026-03-30T13:01:31.660414+00:00,2026-03-30 06:01 PDT,Monday,6,rush,436,415,436,436,436,436,21,21,21,21
Lot 26,2026-03-30T13:05:52.864826+00:00,2026-03-30 06:05 PDT,Monday,6,rush,436,415,436,436,436,436,21,21,21,21
Lot 26,2026-03-30T13:11:10.813633+00:00,2026-03-30 06:11 PDT,Monday,6,rush,436,415,436,436,436,436,21,21,21,21
Lot 26,2026-03-30T13:16:23.175267+00:00,2026-03-30 06:16 PDT,Monday,6,rush,436,415,436,436,436,436,21,21,21,21
Lot 26,2026-03-30T13:21:03.065197+00:00,2026-03-30 06:21 PDT,Monday,6,rush,436,415,436,436,436,436,21,21,21,21
Lot 26,2026-03-30T13:26:17.574753+00:00,2026-03-30 06:26 PDT,Monday,6,rush,436,415,436,436,436,436,21,21,21,21
Lot 26,2026-03-30T13:31:32.834984+00:00,2026-03-30 06:31 PDT,Monday,6,rush,436,415,436,436,436,436,21,21,21,21
Lot 26,2026-03-30T13:35:53.799891+00:00,2026-03-30 06:35 PDT,Monday,6,rush,436,415,436,436,436,435,21,21,21,20
Lot 26,2026-03-30T13:41:35.939431+00:00,2026-03-30 06:41 PDT,Monday,6,rush,436,415,436,436,436,433,21,21,21,18
Lot 26,2026-03-30T13:45:58.282297+00:00,2026-03-30 06:45 PDT,Monday,6,rush,436,415,436,436,436,431,21,21,21,16
Lot 26,2026-03-30T13:50:46.342683+00:00,2026-03-30 06:50 PDT,Monday,6,rush,436,415,436,436,436,429,21,21,21,14
Lot 26,2026-03-30T13:56:03.503327+00:00,2026-03-30 06:56 PDT,Monday,6,rush,436,415,436,436,436,426,21,21,21,11
Lot 26,2026-03-30T14:00:52.536810+00:00,2026-03-30 07:00 PDT,Monday,7,rush,436,415,436,436,436,424,21,21,21,9
Lot 26,2026-03-30T14:05:57.259578+00:00,2026-03-30 07:05 PDT,Monday,7,rush,436,415,436,436,436,421,21,21,21,6
Lot 26,2026-03-30T14:11:18.905395+00:00,2026-03-30 07:11 PDT,Monday,7,rush,436,415,436,436,436,418,21,21,21,3
Lot 26,2026-03-30T14:15:58.956146+00:00,2026-03-30 07:15 PDT,Monday,7,rush,436,415,436,436,436,416,21,21,21,1
Lot 26,2026-03-30T14:20:56.795831+00:00,2026-03-30 07:20 PDT,Monday,7,rush,436,415,436,436,436,413,21,21,21,-2
Lot 26,2026-03-30T14:25:47.457846+00:00,2026-03-30 07:25 PDT,Monday,7,rush,436,415,436,436,436,410,21,21,21,-5
Lot 26,2026-03-30T14:32:08.863560+00:00,2026-03-30 07:32 PDT,Monday,7,rush,436,415,436,436,436,406,21,21,21,-9
Lot 26,2026-03-30T14:35:51.132480+00:00,2026-03-30 07:35 PDT,Monday,7,rush,436,415,436,436,436,403,21,21,21,-12
Lot 26,2026-03-30T14:41:28.710959+00:00,2026-03-30 07:41 PDT,Monday,7,rush,436,415,436,436,436,399,21,21,21,-16
Lot 26,2026-03-30T14:46:08.522438+00:00,2026-03-30 07:46 PDT,Monday,7,rush,436,415,436,436,436,396,21,21,21,-19
Lot 26,2026-03-30T14:50:51.986562+00:00,2026-03-30 07:50 PDT,Monday,7,rush,436,415,436,436,436,393,21,21,21,-22
Lot 26,2026-03-30T14:55:54.307315+00:00,2026-03-30 07:55 PDT,Monday,7,rush,436,415,436,436,436,389,21,21,21,-26
Lot 26,2026-03-30T15:01:22.544468+00:00,2026-03-30 08:01 PDT,Monday,8,rush,436,415,436,436,436,385,21,21,21,-30
Lot 26,2026-03-30T15:11:01.674327+00:00,2026-03-30 08:11 PDT,Monday,8,rush,436,415,436,436,430,378,21,21,15,-37
Lot 26,2026-03-30T15:16:17.993851+00:00,2026-03-30 08:16 PDT,Monday,8,rush,436,415,436,436,426,374,21,21,11,-41
Lot 26,2026-03-30T15:20:57.963596+00:00,2026-03-30 08:20 PDT,Monday,8,rush,436,415,436,436,423,370,21,21,8,-45
Lot 26,2026-03-30T15:26:00.038095+00:00,2026-03-30 08:26 PDT,Monday,8,rush,436,415,436,436,419,366,21,21,4,-49
Lot 26,2026-03-30T15:31:26.163695+00:00,2026-03-30 08:31 PDT,Monday,8,rush,436,415,433,436,415,362,18,21,0,-53
Lot 26,2026-03-30T15:35:52.464063+00:00,2026-03-30 08:35 PDT,Monday,8,rush,436,415,430,436,412,358,15,21,-3,-57
Lot 26,2026-03-30T15:41:16.012762+00:00,2026-03-30 08:41 PDT,Monday,8,rush,436,415,427,436,408,354,12,21,-7,-61
Lot 26,2026-03-30T15:46:47.427328+00:00,2026-03-30 08:46 PDT,Monday,8,rush,436,415,424,436,403,350,9,21,-12,-65
Lot 26,2026-03-30T15:51:31.199916+00:00,2026-03-30 08:51 PDT,Monday,8,rush,436,415,421,436,400,346,6,21,-15,-69
Lot 26,2026-03-30T15:55:47.373856+00:00,2026-03-30 08:55 PDT,Monday,8,rush,436,415,418,436,397,343,3,21,-18,-72
Lot 26,2026-03-30T16:01:46.162920+00:00,2026-03-30 09:01 PDT,Monday,9,rush,436,415,414,436,392,338,-1,21,-23,-77
Lot 26,2026-03-30T16:06:07.834372+00:00,2026-03-30 09:06 PDT,Monday,9,rush,436,415,411,436,389,335,-4,21,-26,-80
Lot 26,2026-03-30T16:10:52.134807+00:00,2026-03-30 09:10 PDT,Monday,9,rush,436,415,408,436,385,331,-7,21,-30,-84
Lot 26,2026-03-30T16:15:56.366101+00:00,2026-03-30 09:15 PDT,Monday,9,rush,436,415,405,436,382,327,-10,21,-33,-88
Lot 26,2026-03-30T16:21:14.706597+00:00,2026-03-30 09:21 PDT,Monday,9,rush,436,415,401,436,378,323,-14,21,-37,-92
Lot 26,2026-03-30T16:26:03.116252+00:00,2026-03-30 09:26 PDT,Monday,9,rush,436,415,398,436,374,320,-17,21,-41,-95
Lot 26,2026-03-30T16:31:12.866203+00:00,2026-03-30 09:31 PDT,Monday,9,rush,436,415,394,433,371,316,-21,18,-44,-99
Lot 26,2026-03-30T16:36:07.547705+00:00,2026-03-30 09:36 PDT,Monday,9,rush,436,415,390,430,367,313,-25,15,-48,-102
Lot 26,2026-03-30T16:41:46.909768+00:00,2026-03-30 09:41 PDT,Monday,9,rush,436,415,386,426,363,309,-29,11,-52,-106
Lot 26,2026-03-30T16:46:15.476209+00:00,2026-03-30 09:46 PDT,Monday,9,rush,436,415,383,423,360,306,-32,8,-55,-109
Lot 26,2026-03-30T16:50:59.427293+00:00,2026-03-30 09:50 PDT,Monday,9,rush,436,415,380,420,357,303,-35,5,-58,-112
Lot 26,2026-03-30T16:56:09.682850+00:00,2026-03-30 09:56 PDT,Monday,9,rush,436,415,376,417,354,299,-39,2,-61,-116
Lot 26,2026-03-30T17:01:43.864973+00:00,2026-03-30 10:01 PDT,Monday,10,rush,436,415,372,413,351,296,-43,-2,-64,-119
Lot 26,2026-03-30T17:06:12.311928+00:00,2026-03-30 10:06 PDT,Monday,10,rush,436,416,369,411,348,293,-47,-5,-68,-123
Lot 26,2026-03-30T17:10:56.824361+00:00,2026-03-30 10:10 PDT,Monday,10,rush,436,415,365,408,345,290,-50,-7,-70,-125
Lot 26,2026-03-30T17:15:53.025711+00:00,2026-03-30 10:15 PDT,Monday,10,rush,436,414,362,404,342,287,-52,-10,-72,-127
Lot 26,2026-03-30T17:21:01.862673+00:00,2026-03-30 10:21 PDT,Monday,10,rush,436,413,358,401,339,284,-55,-12,-74,-129
Lot 26,2026-03-30T17:25:47.417837+00:00,2026-03-30 10:25 PDT,Monday,10,rush,436,412,355,398,336,281,-57,-14,-76,-131
Lot 26,2026-03-30T17:30:21.330586+00:00,2026-03-30 10:30 PDT,Monday,10,rush,436,409,352,395,334,279,-57,-14,-75,-130
Lot 26,2026-03-30T17:35:16.344772+00:00,2026-03-30 10:35 PDT,Monday,10,rush,436,407,348,392,331,276,-59,-15,-76,-131
Lot 26,2026-03-30T17:41:05.440194+00:00,2026-03-30 10:41 PDT,Monday,10,rush,436,405,344,388,328,273,-61,-17,-77,-132
Lot 26,2026-03-30T17:45:32.441024+00:00,2026-03-30 10:45 PDT,Monday,10,rush,436,404,341,386,326,270,-63,-18,-78,-134
Lot 26,2026-03-30T17:50:31.007748+00:00,2026-03-30 10:50 PDT,Monday,10,rush,436,402,338,383,324,268,-64,-19,-78,-134
Lot 26,2026-03-30T17:55:24.550160+00:00,2026-03-30 10:55 PDT,Monday,10,rush,436,398,335,380,321,265,-63,-18,-77,-133
Lot 26,2026-03-30T18:00:30.822250+00:00,2026-03-30 11:00 PDT,Monday,11,midday,436,400,332,377,319,263,-68,-23,-81,-137
Lot 26,2026-03-30T18:05:25.225091+00:00,2026-03-30 11:05 PDT,Monday,11,midday,436,401,329,374,317,261,-72,-27,-84,-140
Lot 26,2026-03-30T18:10:20.211505+00:00,2026-03-30 11:10 PDT,Monday,11,midday,436,407,326,371,315,258,-81,-36,-92,-149
Lot 26,2026-03-30T18:15:35.255255+00:00,2026-03-30 11:15 PDT,Monday,11,midday,436,406,322,368,312,256,-84,-38,-94,-150
Lot 26,2026-03-30T18:20:49.035742+00:00,2026-03-30 11:20 PDT,Monday,11,midday,436,405,319,365,310,253,-86,-40,-95,-152
Lot 26,2026-03-30T18:25:23.443167+00:00,2026-03-30 11:25 PDT,Monday,11,midday,436,214,317,363,308,251,103,149,94,37
Lot 26,2026-03-30T18:30:48.012111+00:00,2026-03-30 11:30 PDT,Monday,11,midday,436,212,314,360,306,249,102,148,94,37
Lot 26,2026-03-30T18:35:28.799440+00:00,2026-03-30 11:35 PDT,Monday,11,midday,436,210,311,357,304,247,101,147,94,37
Lot 26,2026-03-30T18:40:23.899844+00:00,2026-03-30 11:40 PDT,Monday,11,midday,436,208,309,355,302,245,101,147,94,37
Lot 26,2026-03-30T18:45:15.256795+00:00,2026-03-30 11:45 PDT,Monday,11,midday,436,202,306,353,300,243,104,151,98,41
Lot 26,2026-03-30T18:50:29.315744+00:00,2026-03-30 11:50 PDT,Monday,11,midday,436,200,303,350,298,240,103,150,98,40
Lot 26,2026-03-30T18:56:28.063971+00:00,2026-03-30 11:56 PDT,Monday,11,midday,436,197,300,347,296,238,103,150,99,41
Lot 26,2026-03-30T19:01:39.938604+00:00,2026-03-30 12:01 PDT,Monday,12,midday,436,193,298,345,294,236,105,152,101,43
Lot 26,2026-03-30T19:15:37.754726+00:00,2026-03-30 12:15 PDT,Monday,12,midday,436,185,292,338,289,230,107,153,104,45
Lot 26,2026-03-30T19:30:48.836217+00:00,2026-03-30 12:30 PDT,Monday,12,midday,436,180,285,332,284,224,105,152,104,44
Lot 26,2026-03-30T19:45:47.442633+00:00,2026-03-30 12:45 PDT,Monday,12,midday,436,178,279,326,279,218,101,148,101,40
Lot 26,2026-03-30T20:01:00.672243+00:00,2026-03-30 13:01 PDT,Monday,13,midday,436,181,273,321,274,213,92,140,93,32
Lot 26,2026-03-30T20:15:33.099680+00:00,2026-03-30 13:15 PDT,Monday,13,midday,436,184,268,316,270,208,84,132,86,24
Lot 26,2026-03-30T20:31:08.031818+00:00,2026-03-30 13:31 PDT,Monday,13,midday,436,181,263,311,267,203,82,130,86,22
Lot 26,2026-03-30T20:45:42.303919+00:00,2026-03-30 13:45 PDT,Monday,13,midday,436,170,259,306,263,199,89,136,93,29
Lot 26,2026-03-30T21:01:24.315152+00:00,2026-03-30 14:01 PDT,Monday,14,midday,436,171,255,302,261,196,84,131,90,25
Lot 26,2026-03-30T21:15:44.446918+00:00,2026-03-30 14:15 PDT,Monday,14,midday,436,181,252,299,259,194,71,118,78,13
Lot 26,2026-03-30T21:30:48.632202+00:00,2026-03-30 14:30 PDT,Monday,14,midday,436,206,249,296,259,193,43,90,53,-13
Lot 26,2026-03-30T21:46:07.175626+00:00,2026-03-30 14:46 PDT,Monday,14,midday,436,205,246,294,260,194,41,89,55,-11
Lot 26,2026-03-30T22:00:52.185376+00:00,2026-03-30 15:00 PDT,Monday,15,midday,436,207,245,293,262,196,38,86,55,-11
Lot 26,2026-03-30T22:16:12.003086+00:00,2026-03-30 15:16 PDT,Monday,15,midday,436,215,244,293,265,199,29,78,50,-16
Lot 26,2026-03-30T22:31:09.378024+00:00,2026-03-30 15:31 PDT,Monday,15,midday,436,223,245,293,269,204,22,70,46,-19
Lot 26,2026-03-30T22:45:18.800714+00:00,2026-03-30 15:45 PDT,Monday,15,midday,436,241,246,295,275,210,5,54,34,-31
Lot 26,2026-03-30T23:00:36.932487+00:00,2026-03-30 16:00 PDT,Monday,16,midday,436,246,249,297,282,217,3,51,36,-29
Lot 26,2026-03-30T23:16:17.203215+00:00,2026-03-30 16:16 PDT,Monday,16,midday,436,265,252,301,290,226,-13,36,25,-39
Lot 26,2026-03-30T23:30:47.103289+00:00,2026-03-30 16:30 PDT,Monday,16,midday,436,267,257,306,299,235,-10,39,32,-32
Lot 26,2026-03-30T23:46:03.908844+00:00,2026-03-30 16:46 PDT,Monday,16,midday,436,272,263,312,309,246,-9,40,37,-26
Lot 26,2026-03-31T00:01:15.843080+00:00,2026-03-30 17:01 PDT,Monday,17,midday,436,275,271,319,319,257,-4,44,44,-18
Lot 26,2026-03-31T00:15:53.688773+00:00,2026-03-30 17:15 PDT,Monday,17,midday,436,290,279,326,329,268,-11,36,39,-22
Lot 26,2026-03-31T00:31:02.058507+00:00,2026-03-30 17:31 PDT,Monday,17,midday,436,300,288,335,339,279,-12,35,39,-21
Lot 26,2026-03-31T00:45:52.351893+00:00,2026-03-30 17:45 PDT,Monday,17,midday,436,307,297,343,349,289,-10,36,42,-18
Lot 26,2026-03-31T01:01:39.670054+00:00,2026-03-30 18:01 PDT,Monday,18,off-peak,436,311,307,353,359,300,-4,42,48,-11
Lot 26,2026-03-31T01:15:19.496845+00:00,2026-03-30 18:15 PDT,Monday,18,off-peak,436,314,317,362,367,309,3,48,53,-5
Lot 26,2026-03-31T01:30:41.007601+00:00,2026-03-30 18:30 PDT,Monday,18,off-peak,436,342,327,371,375,318,-15,29,33,-24
Lot 26,2026-03-31T01:46:04.071936+00:00,2026-03-30 18:46 PDT,Monday,18,off-peak,436,348,337,380,382,326,-11,32,34,-22
Lot 26,2026-03-31T02:02:12.154143+00:00,2026-03-30 19:02 PDT,Monday,19,off-peak,436,359,347,389,388,333,-12,30,29,-26
Lot 26,2026-03-31T03:01:40.196543+00:00,2026-03-30 20:01 PDT,Monday,20,off-peak,436,384,376,415,402,349,-8,31,18,-35
Lot 26,2026-03-31T04:02:11.131935+00:00,2026-03-30 21:02 PDT,Monday,21,off-peak,436,407,391,428,407,357,-16,21,0,-50
Lot 26,2026-03-31T05:02:14.946218+00:00,2026-03-30 22:02 PDT,Monday,22,off-peak,436,419,397,432,413,363,-22,13,-6,-56
Lot 26,2026-03-31T07:03:06.028147+00:00,2026-03-31 00:03 PDT,Tuesday,0,off-peak,436,430,409,436,433,379,-21,6,3,-51
Lot 26,2026-03-31T08:02:56.099484+00:00,2026-03-31 01:02 PDT,Tuesday,1,off-peak,436,433,416,436,434,379,-17,3,1,-54
Lot 26,2026-03-31T09:03:35.608569+00:00,2026-03-31 02:03 PDT,Tuesday,2,off-peak,436,435,418,436,429,375,-17,1,-6,-60
Lot 26,2026-03-31T10:02:10.545505+00:00,2026-03-31 03:02 PDT,Tuesday,3,off-peak,436,435,415,436,424,373,-20,1,-11,-62
Lot 26,2026-03-31T11:02:04.105864+00:00,2026-03-31 04:02 PDT,Tuesday,4,off-peak,436,415,411,436,426,380,-4,21,11,-35
Lot 26,2026-03-31T12:02:13.764925+00:00,2026-03-31 05:02 PDT,Tuesday,5,off-peak,436,414,411,436,435,390,-3,22,21,-24
Lot 26,2026-03-31T13:01:43.274360+00:00,2026-03-31 06:01 PDT,Tuesday,6,rush,436,410,415,436,436,391,5,26,26,-19
Lot 26,2026-03-31T13:06:14.041177+00:00,2026-03-31 06:06 PDT,Tuesday,6,rush,436,410,416,436,436,391,6,26,26,-19
Lot 26,2026-03-31T13:11:27.750405+00:00,2026-03-31 06:11 PDT,Tuesday,6,rush,436,409,416,436,436,390,7,27,27,-19
Lot 26,2026-03-31T13:15:52.072675+00:00,2026-03-31 06:15 PDT,Tuesday,6,rush,436,409,416,436,436,389,7,27,27,-20
Lot 26,2026-03-31T13:21:07.660919+00:00,2026-03-31 06:21 PDT,Tuesday,6,rush,436,409,416,436,435,388,7,27,26,-21
Lot 26,2026-03-31T13:26:06.626457+00:00,2026-03-31 06:26 PDT,Tuesday,6,rush,436,409,416,436,434,387,7,27,25,-22
Lot 26,2026-03-31T13:31:29.183144+00:00,2026-03-31 06:31 PDT,Tuesday,6,rush,436,408,416,436,433,385,8,28,25,-23
Lot 26,2026-03-31T13:36:20.663203+00:00,2026-03-31 06:36 PDT,Tuesday,6,rush,436,409,416,436,432,384,7,27,23,-25
Lot 26,2026-03-31T13:40:56.117113+00:00,2026-03-31 06:40 PDT,Tuesday,6,rush,436,409,416,436,431,382,7,27,22,-27
Lot 26,2026-03-31T13:45:54.076580+00:00,2026-03-31 06:45 PDT,Tuesday,6,rush,436,409,416,436,430,381,7,27,21,-28
Lot 26,2026-03-31T13:50:54.650312+00:00,2026-03-31 06:50 PDT,Tuesday,6,rush,436,405,416,436,428,379,11,31,23,-26
Lot 26,2026-03-31T13:55:50.881920+00:00,2026-03-31 06:55 PDT,Tuesday,6,rush,436,405,416,436,426,377,11,31,21,-28
Lot 26,2026-03-31T14:01:29.216168+00:00,2026-03-31 07:01 PDT,Tuesday,7,rush,436,403,415,436,424,374,12,33,21,-29
Lot 26,2026-03-31T14:05:46.283410+00:00,2026-03-31 07:05 PDT,Tuesday,7,rush,436,402,415,436,423,372,13,34,21,-30
Lot 26,2026-03-31T14:10:55.976380+00:00,2026-03-31 07:10 PDT,Tuesday,7,rush,436,400,414,436,420,370,14,36,20,-30
Lot 26,2026-03-31T14:16:19.656840+00:00,2026-03-31 07:16 PDT,Tuesday,7,rush,436,397,413,436,418,367,16,39,21,-30
Lot 26,2026-03-31T14:20:56.472895+00:00,2026-03-31 07:20 PDT,Tuesday,7,rush,436,393,412,436,416,365,19,43,23,-28
Lot 26,2026-03-31T14:26:06.472391+00:00,2026-03-31 07:26 PDT,Tuesday,7,rush,436,392,411,436,413,362,19,44,21,-30
Lot 26,2026-03-31T14:30:41.270832+00:00,2026-03-31 07:30 PDT,Tuesday,7,rush,436,383,410,436,411,359,27,53,28,-24
Lot 26,2026-03-31T14:36:02.631095+00:00,2026-03-31 07:36 PDT,Tuesday,7,rush,436,375,409,436,408,356,34,61,33,-19
Lot 26,2026-03-31T14:41:16.207955+00:00,2026-03-31 07:41 PDT,Tuesday,7,rush,436,369,408,436,405,353,39,67,36,-16
Lot 26,2026-03-31T14:45:45.512691+00:00,2026-03-31 07:45 PDT,Tuesday,7,rush,436,364,406,436,402,350,42,72,38,-14
Lot 26,2026-03-31T14:50:58.709218+00:00,2026-03-31 07:50 PDT,Tuesday,7,rush,436,353,405,436,399,346,52,83,46,-7
Lot 26,2026-03-31T14:55:59.533955+00:00,2026-03-31 07:55 PDT,Tuesday,7,rush,436,341,403,436,396,343,62,95,55,2
Lot 26,2026-03-31T15:01:55.804506+00:00,2026-03-31 08:01 PDT,Tuesday,8,rush,436,333,401,436,392,339,68,103,59,6
Lot 26,2026-03-31T15:05:59.215825+00:00,2026-03-31 08:05 PDT,Tuesday,8,rush,436,333,399,435,390,336,66,102,57,3
Lot 26,2026-03-31T15:10:49.150496+00:00,2026-03-31 08:10 PDT,Tuesday,8,rush,436,318,397,433,387,333,79,115,69,15
Lot 26,2026-03-31T15:16:18.293659+00:00,2026-03-31 08:16 PDT,Tuesday,8,rush,436,315,395,431,383,329,80,116,68,14
Lot 26,2026-03-31T15:21:14.956914+00:00,2026-03-31 08:21 PDT,Tuesday,8,rush,436,315,393,429,380,325,78,114,65,10
Lot 26,2026-03-31T15:25:57.830908+00:00,2026-03-31 08:25 PDT,Tuesday,8,rush,436,315,391,427,376,322,76,112,61,7
Lot 26,2026-03-31T15:31:29.877782+00:00,2026-03-31 08:31 PDT,Tuesday,8,rush,436,313,388,425,372,318,75,112,59,5
Lot 26,2026-03-31T15:36:30.530184+00:00,2026-03-31 08:36 PDT,Tuesday,8,rush,436,311,385,423,369,314,74,112,58,3
Lot 26,2026-03-31T15:41:13.727910+00:00,2026-03-31 08:41 PDT,Tuesday,8,rush,436,312,383,421,366,311,71,109,54,-1
Lot 26,2026-03-31T15:45:50.216959+00:00,2026-03-31 08:45 PDT,Tuesday,8,rush,436,306,380,419,362,307,74,113,56,1
Lot 26,2026-03-31T15:50:42.873924+00:00,2026-03-31 08:50 PDT,Tuesday,8,rush,436,302,378,416,359,304,76,114,57,2
Lot 26,2026-03-31T15:55:55.368365+00:00,2026-03-31 08:55 PDT,Tuesday,8,rush,436,297,375,414,355,300,78,117,58,3
Lot 26,2026-03-31T16:01:47.999154+00:00,2026-03-31 09:01 PDT,Tuesday,9,rush,436,296,371,411,351,296,75,115,55,0
Lot 26,2026-03-31T16:06:02.451710+00:00,2026-03-31 09:06 PDT,Tuesday,9,rush,436,294,368,409,348,293,74,115,54,-1
Lot 26,2026-03-31T16:10:58.767923+00:00,2026-03-31 09:10 PDT,Tuesday,9,rush,436,290,365,406,345,289,75,116,55,-1
Lot 26,2026-03-31T16:15:50.961727+00:00,2026-03-31 09:15 PDT,Tuesday,9,rush,436,274,362,403,342,286,88,129,68,12
Lot 26,2026-03-31T16:21:33.438403+00:00,2026-03-31 09:21 PDT,Tuesday,9,rush,436,275,359,400,338,282,84,125,63,7
Lot 26,2026-03-31T16:26:14.740906+00:00,2026-03-31 09:26 PDT,Tuesday,9,rush,436,273,356,398,335,279,83,125,62,6
Lot 26,2026-03-31T16:31:46.023062+00:00,2026-03-31 09:31 PDT,Tuesday,9,rush,436,268,352,394,331,275,84,126,63,7
Lot 26,2026-03-31T16:35:48.523931+00:00,2026-03-31 09:35 PDT,Tuesday,9,rush,436,267,349,392,329,273,82,125,62,6
Lot 26,2026-03-31T16:41:15.519691+00:00,2026-03-31 09:41 PDT,Tuesday,9,rush,436,262,346,389,325,269,84,127,63,7
Lot 26,2026-03-31T16:45:58.497429+00:00,2026-03-31 09:45 PDT,Tuesday,9,rush,436,257,342,386,322,266,85,129,65,9
Lot 26,2026-03-31T16:51:05.920470+00:00,2026-03-31 09:51 PDT,Tuesday,9,rush,436,256,339,383,319,263,83,127,63,7
Lot 26,2026-03-31T16:56:09.996278+00:00,2026-03-31 09:56 PDT,Tuesday,9,rush,436,255,336,380,316,260,81,125,61,5
Lot 26,2026-03-31T17:00:47.003627+00:00,2026-03-31 10:00 PDT,Tuesday,10,rush,436,255,333,377,314,257,78,122,59,2
Lot 26,2026-03-31T17:05:54.320097+00:00,2026-03-31 10:05 PDT,Tuesday,10,rush,436,253,329,374,311,255,76,121,58,2
Lot 26,2026-03-31T17:10:53.543048+00:00,2026-03-31 10:10 PDT,Tuesday,10,rush,436,253,326,371,308,252,73,118,55,-1
Lot 26,2026-03-31T17:15:50.924265+00:00,2026-03-31 10:15 PDT,Tuesday,10,rush,436,251,323,368,305,249,72,117,54,-2
Lot 26,2026-03-31T17:20:59.104629+00:00,2026-03-31 10:20 PDT,Tuesday,10,rush,436,250,319,365,303,246,69,115,53,-4
Lot 26,2026-03-31T17:25:51.054182+00:00,2026-03-31 10:25 PDT,Tuesday,10,rush,436,250,316,362,300,244,66,112,50,-6
Lot 26,2026-03-31T17:32:39.269027+00:00,2026-03-31 10:32 PDT,Tuesday,10,rush,436,237,312,359,297,240,75,122,60,3
Lot 26,2026-03-31T17:36:05.084808+00:00,2026-03-31 10:36 PDT,Tuesday,10,rush,436,231,310,357,295,239,79,126,64,8
Lot 26,2026-03-31T17:41:09.700548+00:00,2026-03-31 10:41 PDT,Tuesday,10,rush,436,224,306,354,293,236,82,130,69,12
Lot 26,2026-03-31T17:45:25.314225+00:00,2026-03-31 10:45 PDT,Tuesday,10,rush,436,219,304,351,291,234,85,132,72,15
Lot 26,2026-03-31T17:50:17.414897+00:00,2026-03-31 10:50 PDT,Tuesday,10,rush,436,214,301,349,289,232,87,135,75,18
Lot 26,2026-03-31T17:55:31.728874+00:00,2026-03-31 10:55 PDT,Tuesday,10,rush,436,211,298,346,287,230,87,135,76,19
Lot 26,2026-03-31T18:00:31.446081+00:00,2026-03-31 11:00 PDT,Tuesday,11,midday,436,211,295,343,285,228,84,132,74,17
Lot 26,2026-03-31T18:05:16.882226+00:00,2026-03-31 11:05 PDT,Tuesday,11,midday,436,212,292,340,283,226,80,128,71,14
Lot 26,2026-03-31T18:10:23.875042+00:00,2026-03-31 11:10 PDT,Tuesday,11,midday,436,212,289,338,281,223,77,126,69,11
Lot 26,2026-03-31T18:15:22.621375+00:00,2026-03-31 11:15 PDT,Tuesday,11,midday,436,213,286,335,279,221,73,122,66,8
Lot 32,2026-03-29T19:02:03.022985+00:00,2026-03-29 12:02 PDT,Sunday,12,off-peak,258,258,200,218,200,151,-58,-40,-58,-107
Lot 32,2026-03-29T20:02:23.091600+00:00,2026-03-29 13:02 PDT,Sunday,13,off-peak,258,258,189,207,199,149,-69,-51,-59,-109
Lot 32,2026-03-29T21:02:22.390130+00:00,2026-03-29 14:02 PDT,Sunday,14,off-peak,258,258,190,206,203,151,-68,-52,-55,-107
Lot 32,2026-03-29T22:02:31.910691+00:00,2026-03-29 15:02 PDT,Sunday,15,off-peak,258,258,195,211,214,161,-63,-47,-44,-97
Lot 32,2026-03-29T23:01:57.442610+00:00,2026-03-29 16:01 PDT,Sunday,16,off-peak,258,258,208,224,238,185,-50,-34,-20,-73
Lot 32,2026-03-30T00:01:11.698813+00:00,2026-03-29 17:01 PDT,Sunday,17,off-peak,258,258,233,249,258,221,-25,-9,0,-37
Lot 32,2026-03-30T00:16:22.284060+00:00,2026-03-29 17:16 PDT,Sunday,17,off-peak,258,258,241,256,258,231,-17,-2,0,-27
Lot 32,2026-03-30T00:31:37.005185+00:00,2026-03-29 17:31 PDT,Sunday,17,off-peak,258,258,250,258,258,241,-8,0,0,-17
Lot 32,2026-03-30T00:46:02.979701+00:00,2026-03-29 17:46 PDT,Sunday,17,off-peak,258,258,258,258,258,249,0,0,0,-9
Lot 32,2026-03-30T01:02:37.537972+00:00,2026-03-29 18:02 PDT,Sunday,18,off-peak,258,258,258,258,258,258,0,0,0,0
Lot 32,2026-03-30T01:16:37.089895+00:00,2026-03-29 18:16 PDT,Sunday,18,off-peak,258,258,258,258,258,258,0,0,0,0
Lot 32,2026-03-30T01:31:08.728598+00:00,2026-03-29 18:31 PDT,Sunday,18,off-peak,258,258,258,258,258,258,0,0,0,0
Lot 32,2026-03-30T01:46:36.779353+00:00,2026-03-29 18:46 PDT,Sunday,18,off-peak,258,258,258,258,258,258,0,0,0,0
Lot 32,2026-03-30T02:02:13.445401+00:00,2026-03-29 19:02 PDT,Sunday,19,off-peak,258,258,258,258,258,258,0,0,0,0
Lot 32,2026-03-30T03:02:31.811190+00:00,2026-03-29 20:02 PDT,Sunday,20,off-peak,258,258,258,258,258,258,0,0,0,0
Lot 32,2026-03-30T04:02:03.804111+00:00,2026-03-29 21:02 PDT,Sunday,21,off-peak,258,258,258,258,258,258,0,0,0,0
Lot 32,2026-03-30T05:02:21.681379+00:00,2026-03-29 22:02 PDT,Sunday,22,off-peak,258,258,258,258,258,258,0,0,0,0
Lot 32,2026-03-30T06:01:49.229971+00:00,2026-03-29 23:01 PDT,Sunday,23,off-peak,258,258,258,258,258,258,0,0,0,0
Lot 32,2026-03-30T07:02:11.186613+00:00,2026-03-30 00:02 PDT,Monday,0,off-peak,258,258,258,258,258,258,0,0,0,0
Lot 32,2026-03-30T08:02:38.247447+00:00,2026-03-30 01:02 PDT,Monday,1,off-peak,258,258,258,258,258,258,0,0,0,0
Lot 32,2026-03-30T09:01:47.047658+00:00,2026-03-30 02:01 PDT,Monday,2,off-peak,258,258,258,258,258,258,0,0,0,0
Lot 32,2026-03-30T10:01:59.473792+00:00,2026-03-30 03:01 PDT,Monday,3,off-peak,258,258,258,258,258,255,0,0,0,-3
Lot 32,2026-03-30T11:01:41.343869+00:00,2026-03-30 04:01 PDT,Monday,4,off-peak,258,258,258,258,258,258,0,0,0,0
Lot 32,2026-03-30T12:02:05.197723+00:00,2026-03-30 05:02 PDT,Monday,5,off-peak,258,258,258,258,258,258,0,0,0,0
Lot 32,2026-03-30T13:01:31.866304+00:00,2026-03-30 06:01 PDT,Monday,6,rush,258,258,258,258,258,258,0,0,0,0
Lot 32,2026-03-30T13:05:53.071666+00:00,2026-03-30 06:05 PDT,Monday,6,rush,258,258,258,258,258,258,0,0,0,0
Lot 32,2026-03-30T13:11:11.016934+00:00,2026-03-30 06:11 PDT,Monday,6,rush,258,258,258,258,258,258,0,0,0,0
Lot 32,2026-03-30T13:16:23.374796+00:00,2026-03-30 06:16 PDT,Monday,6,rush,258,257,258,258,258,258,1,1,1,1
Lot 32,2026-03-30T13:21:03.269016+00:00,2026-03-30 06:21 PDT,Monday,6,rush,258,257,258,258,258,258,1,1,1,1
Lot 32,2026-03-30T13:26:17.776741+00:00,2026-03-30 06:26 PDT,Monday,6,rush,258,257,258,258,258,258,1,1,1,1
Lot 32,2026-03-30T13:31:33.032659+00:00,2026-03-30 06:31 PDT,Monday,6,rush,258,257,258,258,258,258,1,1,1,1
Lot 32,2026-03-30T13:35:54.002530+00:00,2026-03-30 06:35 PDT,Monday,6,rush,258,257,258,258,258,258,1,1,1,1
Lot 32,2026-03-30T13:41:36.139773+00:00,2026-03-30 06:41 PDT,Monday,6,rush,258,257,258,258,258,258,1,1,1,1
Lot 32,2026-03-30T13:45:58.482947+00:00,2026-03-30 06:45 PDT,Monday,6,rush,258,257,258,258,258,258,1,1,1,1
Lot 32,2026-03-30T13:50:46.542697+00:00,2026-03-30 06:50 PDT,Monday,6,rush,258,257,258,258,258,258,1,1,1,1
Lot 32,2026-03-30T13:56:03.704066+00:00,2026-03-30 06:56 PDT,Monday,6,rush,258,257,258,258,258,258,1,1,1,1
Lot 32,2026-03-30T14:00:52.758314+00:00,2026-03-30 07:00 PDT,Monday,7,rush,258,256,258,258,258,258,2,2,2,2
Lot 32,2026-03-30T14:05:57.458897+00:00,2026-03-30 07:05 PDT,Monday,7,rush,258,253,258,258,258,258,5,5,5,5
Lot 32,2026-03-30T14:11:19.107801+00:00,2026-03-30 07:11 PDT,Monday,7,rush,258,253,258,258,258,258,5,5,5,5
Lot 32,2026-03-30T14:15:59.160550+00:00,2026-03-30 07:15 PDT,Monday,7,rush,258,248,258,258,258,258,10,10,10,10
Lot 32,2026-03-30T14:20:56.995427+00:00,2026-03-30 07:20 PDT,Monday,7,rush,258,242,258,258,258,258,16,16,16,16
Lot 32,2026-03-30T14:25:47.661124+00:00,2026-03-30 07:25 PDT,Monday,7,rush,258,235,258,258,258,258,23,23,23,23
Lot 32,2026-03-30T14:32:09.065486+00:00,2026-03-30 07:32 PDT,Monday,7,rush,258,227,258,258,258,253,31,31,31,26
Lot 32,2026-03-30T14:35:51.332250+00:00,2026-03-30 07:35 PDT,Monday,7,rush,258,217,258,258,258,250,41,41,41,33
Lot 32,2026-03-30T14:41:28.909111+00:00,2026-03-30 07:41 PDT,Monday,7,rush,258,206,258,258,258,246,52,52,52,40
Lot 32,2026-03-30T14:46:08.724857+00:00,2026-03-30 07:46 PDT,Monday,7,rush,258,195,258,258,258,242,63,63,63,47
Lot 32,2026-03-30T14:50:52.185102+00:00,2026-03-30 07:50 PDT,Monday,7,rush,258,186,258,258,258,238,72,72,72,52
Lot 32,2026-03-30T14:55:54.510668+00:00,2026-03-30 07:55 PDT,Monday,7,rush,258,180,258,258,258,234,78,78,78,54
Lot 32,2026-03-30T15:01:22.745270+00:00,2026-03-30 08:01 PDT,Monday,8,rush,258,176,258,258,258,229,82,82,82,53
Lot 32,2026-03-30T15:11:01.877181+00:00,2026-03-30 08:11 PDT,Monday,8,rush,258,169,258,258,258,219,89,89,89,50
Lot 32,2026-03-30T15:16:18.199545+00:00,2026-03-30 08:16 PDT,Monday,8,rush,258,166,258,258,258,214,92,92,92,48
Lot 32,2026-03-30T15:20:58.161667+00:00,2026-03-30 08:20 PDT,Monday,8,rush,258,162,258,258,258,210,96,96,96,48
Lot 32,2026-03-30T15:26:00.242205+00:00,2026-03-30 08:26 PDT,Monday,8,rush,258,159,258,258,253,205,99,99,94,46
Lot 32,2026-03-30T15:31:26.368105+00:00,2026-03-30 08:31 PDT,Monday,8,rush,258,153,258,258,248,199,105,105,95,46
Lot 32,2026-03-30T15:35:52.662507+00:00,2026-03-30 08:35 PDT,Monday,8,rush,258,147,258,258,243,195,111,111,96,48
Lot 32,2026-03-30T15:41:16.210912+00:00,2026-03-30 08:41 PDT,Monday,8,rush,258,137,258,258,238,189,121,121,101,52
Lot 32,2026-03-30T15:46:47.625664+00:00,2026-03-30 08:46 PDT,Monday,8,rush,258,129,258,258,232,184,129,129,103,55
Lot 32,2026-03-30T15:51:31.408010+00:00,2026-03-30 08:51 PDT,Monday,8,rush,258,116,258,258,228,179,142,142,112,63
Lot 32,2026-03-30T15:55:47.576698+00:00,2026-03-30 08:55 PDT,Monday,8,rush,258,113,258,258,223,175,145,145,110,62
Lot 32,2026-03-30T16:01:46.361779+00:00,2026-03-30 09:01 PDT,Monday,9,rush,258,107,258,258,217,169,151,151,110,62
Lot 32,2026-03-30T16:06:08.036722+00:00,2026-03-30 09:06 PDT,Monday,9,rush,258,105,256,258,213,164,151,153,108,59
Lot 32,2026-03-30T16:10:52.335216+00:00,2026-03-30 09:10 PDT,Monday,9,rush,258,97,251,258,209,160,154,161,112,63
Lot 32,2026-03-30T16:15:56.569180+00:00,2026-03-30 09:15 PDT,Monday,9,rush,258,85,246,258,204,155,161,173,119,70
Lot 32,2026-03-30T16:21:14.909529+00:00,2026-03-30 09:21 PDT,Monday,9,rush,258,76,241,258,199,150,165,182,123,74
Lot 32,2026-03-30T16:26:03.319065+00:00,2026-03-30 09:26 PDT,Monday,9,rush,258,66,237,256,194,145,171,190,128,79
Lot 32,2026-03-30T16:31:13.069876+00:00,2026-03-30 09:31 PDT,Monday,9,rush,258,58,232,252,190,140,174,194,132,82
Lot 32,2026-03-30T16:36:07.749276+00:00,2026-03-30 09:36 PDT,Monday,9,rush,258,58,227,248,185,136,169,190,127,78
Lot 32,2026-03-30T16:41:47.108679+00:00,2026-03-30 09:41 PDT,Monday,9,rush,258,55,221,243,180,131,166,188,125,76
Lot 32,2026-03-30T16:46:15.683748+00:00,2026-03-30 09:46 PDT,Monday,9,rush,258,49,217,239,177,127,168,190,128,78
Lot 32,2026-03-30T16:50:59.627895+00:00,2026-03-30 09:50 PDT,Monday,9,rush,258,43,212,235,173,124,169,192,130,81
Lot 32,2026-03-30T16:56:09.887676+00:00,2026-03-30 09:56 PDT,Monday,9,rush,258,45,207,230,169,120,162,185,124,75
Lot 32,2026-03-30T17:01:44.068640+00:00,2026-03-30 10:01 PDT,Monday,10,rush,258,44,202,226,165,115,158,182,121,71
Lot 32,2026-03-30T17:06:12.515670+00:00,2026-03-30 10:06 PDT,Monday,10,rush,258,45,198,222,162,112,153,177,117,67
Lot 32,2026-03-30T17:10:57.024765+00:00,2026-03-30 10:10 PDT,Monday,10,rush,258,41,193,218,158,109,152,177,117,68
Lot 32,2026-03-30T17:15:53.227970+00:00,2026-03-30 10:15 PDT,Monday,10,rush,258,41,189,214,155,106,148,173,114,65
Lot 32,2026-03-30T17:21:02.066453+00:00,2026-03-30 10:21 PDT,Monday,10,rush,258,39,184,209,152,103,145,170,113,64
Lot 32,2026-03-30T17:25:47.618477+00:00,2026-03-30 10:25 PDT,Monday,10,rush,258,38,180,206,149,100,142,168,111,62
Lot 32,2026-03-30T17:30:21.533020+00:00,2026-03-30 10:30 PDT,Monday,10,rush,258,33,176,202,147,97,143,169,114,64
Lot 32,2026-03-30T17:35:16.548514+00:00,2026-03-30 10:35 PDT,Monday,10,rush,258,23,172,198,144,95,149,175,121,72
Lot 32,2026-03-30T17:41:05.640361+00:00,2026-03-30 10:41 PDT,Monday,10,rush,258,17,167,194,142,92,150,177,125,75
Lot 32,2026-03-30T17:45:32.647470+00:00,2026-03-30 10:45 PDT,Monday,10,rush,258,12,163,190,140,90,151,178,128,78
Lot 32,2026-03-30T17:50:31.207720+00:00,2026-03-30 10:50 PDT,Monday,10,rush,258,8,160,187,137,88,152,179,129,80
Lot 32,2026-03-30T17:55:24.766887+00:00,2026-03-30 10:55 PDT,Monday,10,rush,258,17,156,184,136,86,139,167,119,69
Lot 32,2026-03-30T18:00:31.023098+00:00,2026-03-30 11:00 PDT,Monday,11,midday,258,19,152,180,134,84,133,161,115,65
Lot 32,2026-03-30T18:05:25.430135+00:00,2026-03-30 11:05 PDT,Monday,11,midday,258,24,149,177,132,82,125,153,108,58
Lot 32,2026-03-30T18:10:20.416126+00:00,2026-03-30 11:10 PDT,Monday,11,midday,258,29,146,174,131,81,117,145,102,52
Lot 32,2026-03-30T18:15:35.456493+00:00,2026-03-30 11:15 PDT,Monday,11,midday,258,29,143,171,129,79,114,142,100,50
Lot 32,2026-03-30T18:20:49.235642+00:00,2026-03-30 11:20 PDT,Monday,11,midday,258,33,139,168,128,78,106,135,95,45
Lot 32,2026-03-30T18:25:23.644149+00:00,2026-03-30 11:25 PDT,Monday,11,midday,258,30,137,166,127,77,107,136,97,47
Lot 32,2026-03-30T18:30:48.216494+00:00,2026-03-30 11:30 PDT,Monday,11,midday,258,27,134,163,126,76,107,136,99,49
Lot 32,2026-03-30T18:35:29.000122+00:00,2026-03-30 11:35 PDT,Monday,11,midday,258,26,132,161,125,75,106,135,99,49
Lot 32,2026-03-30T18:40:24.100886+00:00,2026-03-30 11:40 PDT,Monday,11,midday,258,26,130,159,125,74,104,133,99,48
Lot 32,2026-03-30T18:45:15.455105+00:00,2026-03-30 11:45 PDT,Monday,11,midday,258,25,128,156,124,73,103,131,99,48
Lot 32,2026-03-30T18:50:29.516469+00:00,2026-03-30 11:50 PDT,Monday,11,midday,258,22,126,154,124,73,104,132,102,51
Lot 32,2026-03-30T18:56:28.263724+00:00,2026-03-30 11:56 PDT,Monday,11,midday,258,20,123,152,123,72,103,132,103,52
Lot 32,2026-03-30T19:01:40.139484+00:00,2026-03-30 12:01 PDT,Monday,12,midday,258,17,122,151,123,72,105,134,106,55
Lot 32,2026-03-30T19:15:37.959416+00:00,2026-03-30 12:15 PDT,Monday,12,midday,258,16,118,147,122,71,102,131,106,55
Lot 32,2026-03-30T19:30:49.037198+00:00,2026-03-30 12:30 PDT,Monday,12,midday,258,9,115,143,122,70,106,134,113,61
Lot 32,2026-03-30T19:45:47.648851+00:00,2026-03-30 12:45 PDT,Monday,12,midday,258,13,113,141,123,70,100,128,110,57
Lot 32,2026-03-30T20:01:00.876951+00:00,2026-03-30 13:01 PDT,Monday,13,midday,258,13,112,140,123,71,99,127,110,58
Lot 32,2026-03-30T20:15:33.304893+00:00,2026-03-30 13:15 PDT,Monday,13,midday,258,15,112,139,124,71,97,124,109,56
Lot 32,2026-03-30T20:31:08.231439+00:00,2026-03-30 13:31 PDT,Monday,13,midday,258,0,112,139,125,72,112,139,125,72
Lot 32,2026-03-30T20:45:42.523323+00:00,2026-03-30 13:45 PDT,Monday,13,midday,258,0,113,139,127,73,113,139,127,73
Lot 32,2026-03-30T21:01:24.517487+00:00,2026-03-30 14:01 PDT,Monday,14,midday,258,14,114,140,128,74,100,126,114,60
Lot 32,2026-03-30T21:15:44.650560+00:00,2026-03-30 14:15 PDT,Monday,14,midday,258,39,115,141,130,76,76,102,91,37
Lot 32,2026-03-30T21:30:48.831995+00:00,2026-03-30 14:30 PDT,Monday,14,midday,258,43,117,142,133,78,74,99,90,35
Lot 32,2026-03-30T21:46:07.382837+00:00,2026-03-30 14:46 PDT,Monday,14,midday,258,43,119,144,137,81,76,101,94,38
Lot 32,2026-03-30T22:00:52.387927+00:00,2026-03-30 15:00 PDT,Monday,15,midday,258,44,121,146,141,85,77,102,97,41
Lot 32,2026-03-30T22:16:12.209901+00:00,2026-03-30 15:16 PDT,Monday,15,midday,258,46,124,149,146,90,78,103,100,44
Lot 32,2026-03-30T22:31:09.580651+00:00,2026-03-30 15:31 PDT,Monday,15,midday,258,47,127,152,152,96,80,105,105,49
Lot 32,2026-03-30T22:45:19.003344+00:00,2026-03-30 15:45 PDT,Monday,15,midday,258,64,130,156,158,103,66,92,94,39
Lot 32,2026-03-30T23:00:37.135194+00:00,2026-03-30 16:00 PDT,Monday,16,midday,258,69,135,161,166,111,66,92,97,42
Lot 32,2026-03-30T23:16:17.406265+00:00,2026-03-30 16:16 PDT,Monday,16,midday,258,96,141,166,175,120,45,70,79,24
Lot 32,2026-03-30T23:30:47.304113+00:00,2026-03-30 16:30 PDT,Monday,16,midday,258,110,147,172,183,129,37,62,73,19
Lot 32,2026-03-30T23:46:04.107376+00:00,2026-03-30 16:46 PDT,Monday,16,midday,258,109,154,179,193,139,45,70,84,30
Lot 32,2026-03-31T00:01:16.044414+00:00,2026-03-30 17:01 PDT,Monday,17,midday,258,128,162,187,203,149,34,59,75,21
Lot 32,2026-03-31T00:15:53.891873+00:00,2026-03-30 17:15 PDT,Monday,17,midday,258,150,171,195,212,159,21,45,62,9
Lot 32,2026-03-31T00:31:02.266432+00:00,2026-03-30 17:31 PDT,Monday,17,midday,258,158,180,203,222,169,22,45,64,11
Lot 32,2026-03-31T00:45:52.553365+00:00,2026-03-30 17:45 PDT,Monday,17,midday,258,160,189,212,230,179,29,52,70,19
Lot 32,2026-03-31T01:01:39.874726+00:00,2026-03-30 18:01 PDT,Monday,18,off-peak,258,165,199,221,239,188,34,56,74,23
Lot 32,2026-03-31T01:15:19.697796+00:00,2026-03-30 18:15 PDT,Monday,18,off-peak,258,176,208,228,245,195,32,52,69,19
Lot 32,2026-03-31T01:30:41.208487+00:00,2026-03-30 18:30 PDT,Monday,18,off-peak,258,194,218,237,251,202,24,43,57,8
Lot 32,2026-03-31T01:46:04.274756+00:00,2026-03-30 18:46 PDT,Monday,18,off-peak,258,216,227,244,256,207,11,28,40,-9
Lot 32,2026-03-31T02:02:12.352346+00:00,2026-03-30 19:02 PDT,Monday,19,off-peak,258,228,235,251,258,211,7,23,30,-17
Lot 32,2026-03-31T03:01:40.400053+00:00,2026-03-30 20:01 PDT,Monday,20,off-peak,258,240,255,258,258,216,15,18,18,-24
Lot 32,2026-03-31T04:02:11.338282+00:00,2026-03-30 21:02 PDT,Monday,21,off-peak,258,246,258,258,256,211,12,12,10,-35
Lot 32,2026-03-31T05:02:15.143595+00:00,2026-03-30 22:02 PDT,Monday,22,off-peak,258,253,252,258,255,210,-1,5,2,-43
Lot 32,2026-03-31T07:03:06.229111+00:00,2026-03-31 00:03 PDT,Tuesday,0,off-peak,258,254,257,258,258,225,3,4,4,-29
Lot 32,2026-03-31T08:02:56.307096+00:00,2026-03-31 01:02 PDT,Tuesday,1,off-peak,258,252,258,258,258,224,6,6,6,-28
Lot 32,2026-03-31T09:03:35.814899+00:00,2026-03-31 02:03 PDT,Tuesday,2,off-peak,258,252,258,258,258,215,6,6,6,-37
Lot 32,2026-03-31T10:02:10.747570+00:00,2026-03-31 03:02 PDT,Tuesday,3,off-peak,258,258,256,258,253,208,-2,0,-5,-50
Lot 32,2026-03-31T11:02:04.326663+00:00,2026-03-31 04:02 PDT,Tuesday,4,off-peak,258,258,249,258,258,215,-9,0,0,-43
Lot 32,2026-03-31T12:02:13.968275+00:00,2026-03-31 05:02 PDT,Tuesday,5,off-peak,258,258,255,258,258,233,-3,0,0,-25
Lot 32,2026-03-31T13:01:43.480923+00:00,2026-03-31 06:01 PDT,Tuesday,6,rush,258,258,258,258,258,246,0,0,0,-12
Lot 32,2026-03-31T13:06:14.242290+00:00,2026-03-31 06:06 PDT,Tuesday,6,rush,258,258,258,258,258,246,0,0,0,-12
Lot 32,2026-03-31T13:11:27.951409+00:00,2026-03-31 06:11 PDT,Tuesday,6,rush,258,258,258,258,258,246,0,0,0,-12
Lot 32,2026-03-31T13:15:52.289555+00:00,2026-03-31 06:15 PDT,Tuesday,6,rush,258,258,258,258,258,246,0,0,0,-12
Lot 32,2026-03-31T13:21:07.864696+00:00,2026-03-31 06:21 PDT,Tuesday,6,rush,258,258,258,258,258,246,0,0,0,-12
Lot 32,2026-03-31T13:26:06.828423+00:00,2026-03-31 06:26 PDT,Tuesday,6,rush,258,257,258,258,258,245,1,1,1,-12
Lot 32,2026-03-31T13:31:29.386184+00:00,2026-03-31 06:31 PDT,Tuesday,6,rush,258,257,258,258,258,244,1,1,1,-13
Lot 32,2026-03-31T13:36:20.863261+00:00,2026-03-31 06:36 PDT,Tuesday,6,rush,258,257,258,258,258,243,1,1,1,-14
Lot 32,2026-03-31T13:40:56.319878+00:00,2026-03-31 06:40 PDT,Tuesday,6,rush,258,257,258,258,258,242,1,1,1,-15
Lot 32,2026-03-31T13:45:54.279462+00:00,2026-03-31 06:45 PDT,Tuesday,6,rush,258,257,258,258,258,241,1,1,1,-16
Lot 32,2026-03-31T13:50:54.853220+00:00,2026-03-31 06:50 PDT,Tuesday,6,rush,258,256,258,258,258,239,2,2,2,-17
Lot 32,2026-03-31T13:55:51.081478+00:00,2026-03-31 06:55 PDT,Tuesday,6,rush,258,255,258,258,258,237,3,3,3,-18
Lot 32,2026-03-31T14:01:29.420273+00:00,2026-03-31 07:01 PDT,Tuesday,7,rush,258,255,258,258,258,235,3,3,3,-20
Lot 32,2026-03-31T14:05:46.487570+00:00,2026-03-31 07:05 PDT,Tuesday,7,rush,258,254,258,258,258,233,4,4,4,-21
Lot 32,2026-03-31T14:10:56.179586+00:00,2026-03-31 07:10 PDT,Tuesday,7,rush,258,252,258,258,258,230,6,6,6,-22
Lot 32,2026-03-31T14:16:19.859875+00:00,2026-03-31 07:16 PDT,Tuesday,7,rush,258,249,258,258,258,227,9,9,9,-22
Lot 32,2026-03-31T14:20:56.674783+00:00,2026-03-31 07:20 PDT,Tuesday,7,rush,258,242,258,258,258,225,16,16,16,-17
Lot 32,2026-03-31T14:26:06.670626+00:00,2026-03-31 07:26 PDT,Tuesday,7,rush,258,237,258,258,258,221,21,21,21,-16
Lot 32,2026-03-31T14:30:41.471938+00:00,2026-03-31 07:30 PDT,Tuesday,7,rush,258,231,258,258,258,218,27,27,27,-13
Lot 32,2026-03-31T14:36:02.832822+00:00,2026-03-31 07:36 PDT,Tuesday,7,rush,258,214,258,258,258,214,44,44,44,0
Lot 32,2026-03-31T14:41:16.406801+00:00,2026-03-31 07:41 PDT,Tuesday,7,rush,258,198,258,258,258,211,60,60,60,13
Lot 32,2026-03-31T14:45:45.713963+00:00,2026-03-31 07:45 PDT,Tuesday,7,rush,258,183,258,258,255,207,75,75,72,24
Lot 32,2026-03-31T14:50:58.912311+00:00,2026-03-31 07:50 PDT,Tuesday,7,rush,258,173,258,258,251,203,85,85,78,30
Lot 32,2026-03-31T14:55:59.734808+00:00,2026-03-31 07:55 PDT,Tuesday,7,rush,258,162,258,258,247,199,96,96,85,37
Lot 32,2026-03-31T15:01:56.049076+00:00,2026-03-31 08:01 PDT,Tuesday,8,rush,258,150,258,258,241,193,108,108,91,43
Lot 32,2026-03-31T15:05:59.513795+00:00,2026-03-31 08:05 PDT,Tuesday,8,rush,258,144,258,258,238,190,114,114,94,46
Lot 32,2026-03-31T15:10:49.370040+00:00,2026-03-31 08:10 PDT,Tuesday,8,rush,258,142,258,258,234,185,116,116,92,43
Lot 32,2026-03-31T15:16:18.513928+00:00,2026-03-31 08:16 PDT,Tuesday,8,rush,258,135,258,258,229,180,123,123,94,45
Lot 32,2026-03-31T15:21:15.197335+00:00,2026-03-31 08:21 PDT,Tuesday,8,rush,258,130,257,258,224,176,127,128,94,46
Lot 32,2026-03-31T15:25:58.066040+00:00,2026-03-31 08:25 PDT,Tuesday,8,rush,258,124,254,258,220,171,130,134,96,47
Lot 32,2026-03-31T15:31:30.117157+00:00,2026-03-31 08:31 PDT,Tuesday,8,rush,258,118,250,258,214,166,132,140,96,48
Lot 32,2026-03-31T15:36:30.727983+00:00,2026-03-31 08:36 PDT,Tuesday,8,rush,258,115,246,258,209,161,131,143,94,46
Lot 32,2026-03-31T15:41:13.945617+00:00,2026-03-31 08:41 PDT,Tuesday,8,rush,258,109,243,258,205,156,134,149,96,47
Lot 32,2026-03-31T15:45:50.453003+00:00,2026-03-31 08:45 PDT,Tuesday,8,rush,258,104,239,257,200,152,135,153,96,48
Lot 32,2026-03-31T15:50:43.110366+00:00,2026-03-31 08:50 PDT,Tuesday,8,rush,258,96,236,253,196,147,140,157,100,51
Lot 32,2026-03-31T15:55:55.603050+00:00,2026-03-31 08:55 PDT,Tuesday,8,rush,258,91,231,250,191,142,140,159,100,51
Lot 32,2026-03-31T16:01:48.234683+00:00,2026-03-31 09:01 PDT,Tuesday,9,rush,258,91,226,245,185,136,135,154,94,45
Lot 32,2026-03-31T16:06:02.673374+00:00,2026-03-31 09:06 PDT,Tuesday,9,rush,258,82,223,242,181,132,141,160,99,50
Lot 32,2026-03-31T16:10:59.030151+00:00,2026-03-31 09:10 PDT,Tuesday,9,rush,258,76,218,238,176,127,142,162,100,51
Lot 32,2026-03-31T16:15:51.194358+00:00,2026-03-31 09:15 PDT,Tuesday,9,rush,258,63,214,235,172,123,151,172,109,60
Lot 32,2026-03-31T16:21:33.677416+00:00,2026-03-31 09:21 PDT,Tuesday,9,rush,258,53,209,230,167,118,156,177,114,65
Lot 32,2026-03-31T16:26:14.977551+00:00,2026-03-31 09:26 PDT,Tuesday,9,rush,258,47,204,226,162,113,157,179,115,66
Lot 32,2026-03-31T16:31:46.258734+00:00,2026-03-31 09:31 PDT,Tuesday,9,rush,258,45,199,222,158,109,154,177,113,64
Lot 32,2026-03-31T16:35:48.761903+00:00,2026-03-31 09:35 PDT,Tuesday,9,rush,258,49,195,218,154,105,146,169,105,56
Lot 32,2026-03-31T16:41:15.758806+00:00,2026-03-31 09:41 PDT,Tuesday,9,rush,258,47,190,214,150,101,143,167,103,54
Lot 32,2026-03-31T16:45:58.729494+00:00,2026-03-31 09:45 PDT,Tuesday,9,rush,258,44,186,210,146,97,142,166,102,53
Lot 32,2026-03-31T16:51:06.160535+00:00,2026-03-31 09:51 PDT,Tuesday,9,rush,258,40,181,206,142,93,141,166,102,53
Lot 32,2026-03-31T16:56:10.233519+00:00,2026-03-31 09:56 PDT,Tuesday,9,rush,258,40,176,201,138,89,136,161,98,49
Lot 32,2026-03-31T17:00:47.237734+00:00,2026-03-31 10:00 PDT,Tuesday,10,rush,258,37,172,197,135,86,135,160,98,49
Lot 32,2026-03-31T17:05:54.556716+00:00,2026-03-31 10:05 PDT,Tuesday,10,rush,258,38,167,193,132,82,129,155,94,44
Lot 32,2026-03-31T17:10:53.780481+00:00,2026-03-31 10:10 PDT,Tuesday,10,rush,258,34,163,189,128,79,129,155,94,45
Lot 32,2026-03-31T17:15:51.167734+00:00,2026-03-31 10:15 PDT,Tuesday,10,rush,258,33,158,185,125,76,125,152,92,43
Lot 32,2026-03-31T17:20:59.345187+00:00,2026-03-31 10:20 PDT,Tuesday,10,rush,258,27,154,181,122,73,127,154,95,46
Lot 32,2026-03-31T17:25:51.284691+00:00,2026-03-31 10:25 PDT,Tuesday,10,rush,258,23,149,177,120,70,126,154,97,47
Lot 32,2026-03-31T17:32:39.504466+00:00,2026-03-31 10:32 PDT,Tuesday,10,rush,258,17,144,172,116,67,127,155,99,50
Lot 32,2026-03-31T17:36:05.315252+00:00,2026-03-31 10:36 PDT,Tuesday,10,rush,258,6,141,170,115,65,135,164,109,59
Lot 32,2026-03-31T17:41:09.938921+00:00,2026-03-31 10:41 PDT,Tuesday,10,rush,258,0,137,166,112,63,137,166,112,63
Lot 32,2026-03-31T17:45:25.545309+00:00,2026-03-31 10:45 PDT,Tuesday,10,rush,258,0,134,163,111,61,134,163,111,61
Lot 32,2026-03-31T17:50:17.645868+00:00,2026-03-31 10:50 PDT,Tuesday,10,rush,258,0,130,160,109,59,130,160,109,59
Lot 32,2026-03-31T17:55:31.961316+00:00,2026-03-31 10:55 PDT,Tuesday,10,rush,258,0,126,156,107,57,126,156,107,57
Lot 32,2026-03-31T18:00:31.682039+00:00,2026-03-31 11:00 PDT,Tuesday,11,midday,258,0,123,153,105,56,123,153,105,56
Lot 32,2026-03-31T18:05:17.097261+00:00,2026-03-31 11:05 PDT,Tuesday,11,midday,258,0,120,150,104,54,120,150,104,54
Lot 32,2026-03-31T18:10:24.096439+00:00,2026-03-31 11:10 PDT,Tuesday,11,midday,258,1,117,147,103,53,116,146,102,52
Lot 32,2026-03-31T18:15:22.837223+00:00,2026-03-31 11:15 PDT,Tuesday,11,midday,258,7,114,144,101,52,107,137,94,45
Lot 24,2026-03-29T19:02:02.719118+00:00,2026-03-29 12:02 PDT,Sunday,12,off-peak,406,347,256,301,260,221,-91,-46,-87,-126
Lot 24,2026-03-29T20:02:22.786136+00:00,2026-03-29 13:02 PDT,Sunday,13,off-peak,406,338,239,285,254,215,-99,-53,-84,-123
Lot 24,2026-03-29T21:02:22.090070+00:00,2026-03-29 14:02 PDT,Sunday,14,off-peak,406,345,235,280,256,215,-110,-65,-89,-130
Lot 24,2026-03-29T22:02:31.606728+00:00,2026-03-29 15:02 PDT,Sunday,15,off-peak,406,341,238,284,269,228,-103,-57,-72,-113
Lot 24,2026-03-29T23:01:57.143732+00:00,2026-03-29 16:01 PDT,Sunday,16,off-peak,406,334,254,301,299,258,-80,-33,-35,-76
Lot 24,2026-03-30T00:01:11.386231+00:00,2026-03-29 17:01 PDT,Sunday,17,off-peak,406,346,285,331,338,298,-61,-15,-8,-48
Lot 24,2026-03-30T00:16:21.979459+00:00,2026-03-29 17:16 PDT,Sunday,17,off-peak,406,347,294,341,348,308,-53,-6,1,-39
Lot 24,2026-03-30T00:31:36.706542+00:00,2026-03-29 17:31 PDT,Sunday,17,off-peak,406,347,304,350,357,317,-43,3,10,-30
Lot 24,2026-03-30T00:46:02.678734+00:00,2026-03-29 17:46 PDT,Sunday,17,off-peak,406,347,314,360,364,325,-33,13,17,-22
Lot 24,2026-03-30T01:02:37.230797+00:00,2026-03-29 18:02 PDT,Sunday,18,off-peak,406,345,324,370,372,333,-21,25,27,-12
Lot 24,2026-03-30T01:16:36.786123+00:00,2026-03-29 18:16 PDT,Sunday,18,off-peak,406,346,332,378,377,338,-14,32,31,-8
Lot 24,2026-03-30T01:31:08.422237+00:00,2026-03-29 18:31 PDT,Sunday,18,off-peak,406,351,340,386,382,343,-11,35,31,-8
Lot 24,2026-03-30T01:46:36.470802+00:00,2026-03-29 18:46 PDT,Sunday,18,off-peak,406,348,348,393,385,347,0,45,37,-1
Lot 24,2026-03-30T02:02:13.144789+00:00,2026-03-29 19:02 PDT,Sunday,19,off-peak,406,350,354,400,387,349,4,50,37,-1
Lot 24,2026-03-30T03:02:31.503312+00:00,2026-03-29 20:02 PDT,Sunday,20,off-peak,406,358,369,406,390,352,11,48,32,-6
Lot 24,2026-03-30T04:02:03.491943+00:00,2026-03-29 21:02 PDT,Sunday,21,off-peak,406,349,374,406,397,358,25,57,48,9
Lot 24,2026-03-30T05:02:21.374895+00:00,2026-03-29 22:02 PDT,Sunday,22,off-peak,406,363,384,406,406,382,21,43,43,19
Lot 24,2026-03-30T06:01:48.933624+00:00,2026-03-29 23:01 PDT,Sunday,23,off-peak,406,364,406,406,406,406,42,42,42,42
Lot 24,2026-03-30T07:02:10.877283+00:00,2026-03-30 00:02 PDT,Monday,0,off-peak,406,382,406,406,406,406,24,24,24,24
Lot 24,2026-03-30T08:02:37.940798+00:00,2026-03-30 01:02 PDT,Monday,1,off-peak,406,383,406,406,406,406,23,23,23,23
Lot 24,2026-03-30T09:01:46.744990+00:00,2026-03-30 02:01 PDT,Monday,2,off-peak,406,385,406,406,406,406,21,21,21,21
Lot 24,2026-03-30T10:01:59.167112+00:00,2026-03-30 03:01 PDT,Monday,3,off-peak,406,375,406,406,406,404,31,31,31,29
Lot 24,2026-03-30T11:01:41.038566+00:00,2026-03-30 04:01 PDT,Monday,4,off-peak,406,375,406,406,406,405,31,31,31,30
Lot 24,2026-03-30T12:02:04.898900+00:00,2026-03-30 05:02 PDT,Monday,5,off-peak,406,377,406,406,406,406,29,29,29,29
Lot 24,2026-03-30T13:01:31.557189+00:00,2026-03-30 06:01 PDT,Monday,6,rush,406,375,406,406,406,406,31,31,31,31
Lot 24,2026-03-30T13:05:52.764383+00:00,2026-03-30 06:05 PDT,Monday,6,rush,406,375,406,406,406,406,31,31,31,31
Lot 24,2026-03-30T13:11:10.709119+00:00,2026-03-30 06:11 PDT,Monday,6,rush,406,374,406,406,406,406,32,32,32,32
Lot 24,2026-03-30T13:16:23.075566+00:00,2026-03-30 06:16 PDT,Monday,6,rush,406,374,406,406,406,406,32,32,32,32
Lot 24,2026-03-30T13:21:02.965886+00:00,2026-03-30 06:21 PDT,Monday,6,rush,406,374,406,406,406,406,32,32,32,32
Lot 24,2026-03-30T13:26:17.473143+00:00,2026-03-30 06:26 PDT,Monday,6,rush,406,372,406,406,406,406,34,34,34,34
Lot 24,2026-03-30T13:31:32.737434+00:00,2026-03-30 06:31 PDT,Monday,6,rush,406,370,406,406,406,406,36,36,36,36
Lot 24,2026-03-30T13:35:53.699311+00:00,2026-03-30 06:35 PDT,Monday,6,rush,406,368,406,406,406,406,38,38,38,38
Lot 24,2026-03-30T13:41:35.838766+00:00,2026-03-30 06:41 PDT,Monday,6,rush,406,367,406,406,406,406,39,39,39,39
Lot 24,2026-03-30T13:45:58.182896+00:00,2026-03-30 06:45 PDT,Monday,6,rush,406,366,406,406,406,406,40,40,40,40
Lot 24,2026-03-30T13:50:46.242971+00:00,2026-03-30 06:50 PDT,Monday,6,rush,406,365,406,406,406,406,41,41,41,41
Lot 24,2026-03-30T13:56:03.403028+00:00,2026-03-30 06:56 PDT,Monday,6,rush,406,358,406,406,406,406,48,48,48,48
Lot 24,2026-03-30T14:00:52.425137+00:00,2026-03-30 07:00 PDT,Monday,7,rush,406,357,406,406,406,406,49,49,49,49
Lot 24,2026-03-30T14:05:57.159997+00:00,2026-03-30 07:05 PDT,Monday,7,rush,406,351,406,406,406,403,55,55,55,52
Lot 24,2026-03-30T14:11:18.805617+00:00,2026-03-30 07:11 PDT,Monday,7,rush,406,351,406,406,406,399,55,55,55,48
Lot 24,2026-03-30T14:15:58.854688+00:00,2026-03-30 07:15 PDT,Monday,7,rush,406,350,406,406,406,395,56,56,56,45
Lot 24,2026-03-30T14:20:56.693609+00:00,2026-03-30 07:20 PDT,Monday,7,rush,406,349,406,406,406,390,57,57,57,41
Lot 24,2026-03-30T14:25:47.347071+00:00,2026-03-30 07:25 PDT,Monday,7,rush,406,349,406,406,406,385,57,57,57,36
Lot 24,2026-03-30T14:32:08.763173+00:00,2026-03-30 07:32 PDT,Monday,7,rush,406,346,406,406,406,379,60,60,60,33
Lot 24,2026-03-30T14:35:51.033054+00:00,2026-03-30 07:35 PDT,Monday,7,rush,406,344,406,406,406,375,62,62,62,31
Lot 24,2026-03-30T14:41:28.611448+00:00,2026-03-30 07:41 PDT,Monday,7,rush,406,335,406,406,406,368,71,71,71,33
Lot 24,2026-03-30T14:46:08.420154+00:00,2026-03-30 07:46 PDT,Monday,7,rush,406,330,406,406,404,363,76,76,74,33
Lot 24,2026-03-30T14:50:51.886854+00:00,2026-03-30 07:50 PDT,Monday,7,rush,406,325,406,406,398,357,81,81,73,32
Lot 24,2026-03-30T14:55:54.205841+00:00,2026-03-30 07:55 PDT,Monday,7,rush,406,317,406,406,392,351,89,89,75,34
Lot 24,2026-03-30T15:01:22.443519+00:00,2026-03-30 08:01 PDT,Monday,8,rush,406,303,406,406,385,344,103,103,82,41
Lot 24,2026-03-30T15:11:01.572400+00:00,2026-03-30 08:11 PDT,Monday,8,rush,406,291,406,406,373,332,115,115,82,41
Lot 24,2026-03-30T15:16:17.891252+00:00,2026-03-30 08:16 PDT,Monday,8,rush,406,282,402,406,366,325,120,124,84,43
Lot 24,2026-03-30T15:20:57.864187+00:00,2026-03-30 08:20 PDT,Monday,8,rush,406,274,397,406,360,319,123,132,86,45
Lot 24,2026-03-30T15:25:59.937287+00:00,2026-03-30 08:25 PDT,Monday,8,rush,406,267,392,406,353,312,125,139,86,45
Lot 24,2026-03-30T15:31:26.060192+00:00,2026-03-30 08:31 PDT,Monday,8,rush,406,261,386,406,346,304,125,145,85,43
Lot 24,2026-03-30T15:35:52.363747+00:00,2026-03-30 08:35 PDT,Monday,8,rush,406,255,381,406,340,298,126,151,85,43
Lot 24,2026-03-30T15:41:15.912596+00:00,2026-03-30 08:41 PDT,Monday,8,rush,406,245,375,406,332,291,130,161,87,46
Lot 24,2026-03-30T15:46:47.327257+00:00,2026-03-30 08:46 PDT,Monday,8,rush,406,240,368,406,325,283,128,166,85,43
Lot 24,2026-03-30T15:51:31.098652+00:00,2026-03-30 08:51 PDT,Monday,8,rush,406,234,362,402,318,277,128,168,84,43
Lot 24,2026-03-30T15:55:47.273341+00:00,2026-03-30 08:55 PDT,Monday,8,rush,406,226,357,397,312,271,131,171,86,45
Lot 24,2026-03-30T16:01:46.061597+00:00,2026-03-30 09:01 PDT,Monday,9,rush,406,214,350,390,305,263,136,176,91,49
Lot 24,2026-03-30T16:06:07.730135+00:00,2026-03-30 09:06 PDT,Monday,9,rush,406,209,344,385,299,257,135,176,90,48
Lot 24,2026-03-30T16:10:52.033999+00:00,2026-03-30 09:10 PDT,Monday,9,rush,406,200,338,379,293,251,138,179,93,51
Lot 24,2026-03-30T16:15:56.265061+00:00,2026-03-30 09:15 PDT,Monday,9,rush,406,193,331,373,286,245,138,180,93,52
Lot 24,2026-03-30T16:21:14.605468+00:00,2026-03-30 09:21 PDT,Monday,9,rush,406,182,324,367,280,238,142,185,98,56
Lot 24,2026-03-30T16:26:03.015421+00:00,2026-03-30 09:26 PDT,Monday,9,rush,406,172,318,361,274,232,146,189,102,60
Lot 24,2026-03-30T16:31:12.765394+00:00,2026-03-30 09:31 PDT,Monday,9,rush,406,167,311,354,267,226,144,187,100,59
Lot 24,2026-03-30T16:36:07.445159+00:00,2026-03-30 09:36 PDT,Monday,9,rush,406,158,305,348,262,220,147,190,104,62
Lot 24,2026-03-30T16:41:46.809013+00:00,2026-03-30 09:41 PDT,Monday,9,rush,406,155,297,342,255,214,142,187,100,59
Lot 24,2026-03-30T16:46:15.370966+00:00,2026-03-30 09:46 PDT,Monday,9,rush,406,147,292,336,250,209,145,189,103,62
Lot 24,2026-03-30T16:50:59.327306+00:00,2026-03-30 09:50 PDT,Monday,9,rush,406,145,285,331,245,204,140,186,100,59
Lot 24,2026-03-30T16:56:09.578320+00:00,2026-03-30 09:56 PDT,Monday,9,rush,406,143,279,324,240,199,136,181,97,56
Lot 24,2026-03-30T17:01:43.763198+00:00,2026-03-30 10:01 PDT,Monday,10,rush,406,135,272,318,235,193,137,183,100,58
Lot 24,2026-03-30T17:06:12.210709+00:00,2026-03-30 10:06 PDT,Monday,10,rush,406,132,266,313,230,189,134,181,98,57
Lot 24,2026-03-30T17:10:56.723498+00:00,2026-03-30 10:10 PDT,Monday,10,rush,406,128,260,307,226,185,132,179,98,57
Lot 24,2026-03-30T17:15:52.925119+00:00,2026-03-30 10:15 PDT,Monday,10,rush,406,123,255,302,222,180,132,179,99,57
Lot 24,2026-03-30T17:21:01.760039+00:00,2026-03-30 10:21 PDT,Monday,10,rush,406,121,248,296,218,176,127,175,97,55
Lot 24,2026-03-30T17:25:47.318933+00:00,2026-03-30 10:25 PDT,Monday,10,rush,406,120,243,291,214,172,123,171,94,52
Lot 24,2026-03-30T17:30:21.228957+00:00,2026-03-30 10:30 PDT,Monday,10,rush,406,117,238,286,210,169,121,169,93,52
Lot 24,2026-03-30T17:35:16.243202+00:00,2026-03-30 10:35 PDT,Monday,10,rush,406,114,233,281,207,165,119,167,93,51
Lot 24,2026-03-30T17:41:05.339174+00:00,2026-03-30 10:41 PDT,Monday,10,rush,406,110,227,276,203,161,117,166,93,51
Lot 24,2026-03-30T17:45:32.341699+00:00,2026-03-30 10:45 PDT,Monday,10,rush,406,108,222,271,200,159,114,163,92,51
Lot 24,2026-03-30T17:50:30.907800+00:00,2026-03-30 10:50 PDT,Monday,10,rush,406,102,217,267,197,156,115,165,95,54
Lot 24,2026-03-30T17:55:24.441240+00:00,2026-03-30 10:55 PDT,Monday,10,rush,406,96,213,263,195,153,117,167,99,57
Lot 24,2026-03-30T18:00:30.721303+00:00,2026-03-30 11:00 PDT,Monday,11,midday,406,104,208,258,192,150,104,154,88,46
Lot 24,2026-03-30T18:05:25.123094+00:00,2026-03-30 11:05 PDT,Monday,11,midday,406,103,204,254,190,148,101,151,87,45
Lot 24,2026-03-30T18:10:20.110681+00:00,2026-03-30 11:10 PDT,Monday,11,midday,406,101,200,250,187,146,99,149,86,45
Lot 24,2026-03-30T18:15:35.154177+00:00,2026-03-30 11:15 PDT,Monday,11,midday,406,101,195,246,185,143,94,145,84,42
Lot 24,2026-03-30T18:20:48.937399+00:00,2026-03-30 11:20 PDT,Monday,11,midday,406,101,191,243,183,141,90,142,82,40
Lot 24,2026-03-30T18:25:23.343716+00:00,2026-03-30 11:25 PDT,Monday,11,midday,406,97,188,240,181,140,91,143,84,43
Lot 24,2026-03-30T18:30:47.910789+00:00,2026-03-30 11:30 PDT,Monday,11,midday,406,93,184,236,179,138,91,143,86,45
Lot 24,2026-03-30T18:35:28.698392+00:00,2026-03-30 11:35 PDT,Monday,11,midday,406,94,181,233,178,136,87,139,84,42
Lot 24,2026-03-30T18:40:23.799467+00:00,2026-03-30 11:40 PDT,Monday,11,midday,406,91,178,230,177,135,87,139,86,44
Lot 24,2026-03-30T18:45:15.158255+00:00,2026-03-30 11:45 PDT,Monday,11,midday,406,79,176,228,175,133,97,149,96,54
Lot 24,2026-03-30T18:50:29.214660+00:00,2026-03-30 11:50 PDT,Monday,11,midday,406,77,173,225,174,132,96,148,97,55
Lot 24,2026-03-30T18:56:27.964367+00:00,2026-03-30 11:56 PDT,Monday,11,midday,406,76,170,222,173,131,94,146,97,55
Lot 24,2026-03-30T19:01:39.837286+00:00,2026-03-30 12:01 PDT,Monday,12,midday,406,72,167,220,172,130,95,148,100,58
Lot 24,2026-03-30T19:15:37.654059+00:00,2026-03-30 12:15 PDT,Monday,12,midday,406,59,162,214,169,127,103,155,110,68
Lot 24,2026-03-30T19:30:48.733516+00:00,2026-03-30 12:30 PDT,Monday,12,midday,406,46,157,209,167,125,111,163,121,79
Lot 24,2026-03-30T19:45:47.343273+00:00,2026-03-30 12:45 PDT,Monday,12,midday,406,54,153,205,165,123,99,151,111,69
Lot 24,2026-03-30T20:01:00.569015+00:00,2026-03-30 13:01 PDT,Monday,13,midday,406,56,150,202,164,122,94,146,108,66
Lot 24,2026-03-30T20:15:32.996932+00:00,2026-03-30 13:15 PDT,Monday,13,midday,406,56,147,200,164,121,91,144,108,65
Lot 24,2026-03-30T20:31:07.931177+00:00,2026-03-30 13:31 PDT,Monday,13,midday,406,76,146,198,163,120,70,122,87,44
Lot 24,2026-03-30T20:45:42.194488+00:00,2026-03-30 13:45 PDT,Monday,13,midday,406,73,144,197,164,120,71,124,91,47
Lot 24,2026-03-30T21:01:24.213099+00:00,2026-03-30 14:01 PDT,Monday,14,midday,406,75,144,196,165,121,69,121,90,46
Lot 24,2026-03-30T21:15:44.346030+00:00,2026-03-30 14:15 PDT,Monday,14,midday,406,80,143,196,166,123,63,116,86,43
Lot 24,2026-03-30T21:30:48.527011+00:00,2026-03-30 14:30 PDT,Monday,14,midday,406,85,144,197,169,125,59,112,84,40
Lot 24,2026-03-30T21:46:07.071719+00:00,2026-03-30 14:46 PDT,Monday,14,midday,406,91,144,198,172,128,53,107,81,37
Lot 24,2026-03-30T22:00:52.083490+00:00,2026-03-30 15:00 PDT,Monday,15,midday,406,95,146,199,177,133,51,104,82,38
Lot 24,2026-03-30T22:16:11.899098+00:00,2026-03-30 15:16 PDT,Monday,15,midday,406,109,148,202,183,139,39,93,74,30
Lot 24,2026-03-30T22:31:09.276001+00:00,2026-03-30 15:31 PDT,Monday,15,midday,406,118,152,206,190,146,34,88,72,28
Lot 24,2026-03-30T22:45:18.698437+00:00,2026-03-30 15:45 PDT,Monday,15,midday,406,128,156,210,197,153,28,82,69,25
Lot 24,2026-03-30T23:00:36.830816+00:00,2026-03-30 16:00 PDT,Monday,16,midday,406,131,161,215,206,162,30,84,75,31
Lot 24,2026-03-30T23:16:17.104327+00:00,2026-03-30 16:16 PDT,Monday,16,midday,406,150,168,222,216,172,18,72,66,22
Lot 24,2026-03-30T23:30:47.002682+00:00,2026-03-30 16:30 PDT,Monday,16,midday,406,155,175,229,225,182,20,74,70,27
Lot 24,2026-03-30T23:46:03.808400+00:00,2026-03-30 16:46 PDT,Monday,16,midday,406,163,183,237,236,192,20,74,73,29
Lot 24,2026-03-31T00:01:15.741495+00:00,2026-03-30 17:01 PDT,Monday,17,midday,406,168,193,246,246,203,25,78,78,35
Lot 24,2026-03-31T00:15:53.587277+00:00,2026-03-30 17:15 PDT,Monday,17,midday,406,202,202,256,255,212,0,54,53,10
Lot 24,2026-03-31T00:31:01.955590+00:00,2026-03-30 17:31 PDT,Monday,17,midday,406,219,212,265,264,222,-7,46,45,3
Lot 24,2026-03-31T00:45:52.249621+00:00,2026-03-30 17:45 PDT,Monday,17,midday,406,223,221,275,272,230,-2,52,49,7
Lot 24,2026-03-31T01:01:39.569191+00:00,2026-03-30 18:01 PDT,Monday,18,off-peak,406,223,231,285,280,238,8,62,57,15
Lot 24,2026-03-31T01:15:19.394514+00:00,2026-03-30 18:15 PDT,Monday,18,off-peak,406,228,240,293,285,244,12,65,57,16
Lot 24,2026-03-31T01:30:40.908459+00:00,2026-03-30 18:30 PDT,Monday,18,off-peak,406,231,248,302,290,249,17,71,59,18
Lot 24,2026-03-31T01:46:03.969179+00:00,2026-03-30 18:46 PDT,Monday,18,off-peak,406,237,256,309,294,253,19,72,57,16
Lot 24,2026-03-31T02:02:12.054222+00:00,2026-03-30 19:02 PDT,Monday,19,off-peak,406,233,263,316,296,255,30,83,63,22
Lot 24,2026-03-31T03:01:40.092644+00:00,2026-03-30 20:01 PDT,Monday,20,off-peak,406,261,278,332,300,259,17,71,39,-2
Lot 24,2026-03-31T04:02:11.028646+00:00,2026-03-30 21:02 PDT,Monday,21,off-peak,406,281,284,337,309,267,3,56,28,-14
Lot 24,2026-03-31T05:02:14.846053+00:00,2026-03-30 22:02 PDT,Monday,22,off-peak,406,303,296,348,334,292,-7,45,31,-11
Lot 24,2026-03-31T07:03:05.927891+00:00,2026-03-31 00:03 PDT,Tuesday,0,off-peak,406,365,357,402,398,357,-8,37,33,-8
Lot 24,2026-03-31T08:02:55.995431+00:00,2026-03-31 01:02 PDT,Tuesday,1,off-peak,406,371,380,406,400,360,9,35,29,-11
Lot 24,2026-03-31T09:03:35.503742+00:00,2026-03-31 02:03 PDT,Tuesday,2,off-peak,406,372,380,406,384,343,8,34,12,-29
Lot 24,2026-03-31T10:02:10.445174+00:00,2026-03-31 03:02 PDT,Tuesday,3,off-peak,406,375,365,406,370,328,-10,31,-5,-47
Lot 24,2026-03-31T11:02:03.994806+00:00,2026-03-31 04:02 PDT,Tuesday,4,off-peak,406,375,354,400,375,332,-21,25,0,-43
Lot 24,2026-03-31T12:02:13.663167+00:00,2026-03-31 05:02 PDT,Tuesday,5,off-peak,406,376,361,405,396,353,-15,29,20,-23
Lot 24,2026-03-31T13:01:43.166911+00:00,2026-03-31 06:01 PDT,Tuesday,6,rush,406,374,379,406,406,365,5,32,32,-9
Lot 24,2026-03-31T13:06:13.941315+00:00,2026-03-31 06:06 PDT,Tuesday,6,rush,406,372,380,406,406,365,8,34,34,-7
Lot 24,2026-03-31T13:11:27.649702+00:00,2026-03-31 06:11 PDT,Tuesday,6,rush,406,372,381,406,406,364,9,34,34,-8
Lot 24,2026-03-31T13:15:51.965285+00:00,2026-03-31 06:15 PDT,Tuesday,6,rush,406,369,382,406,406,364,13,37,37,-5
Lot 24,2026-03-31T13:21:07.559597+00:00,2026-03-31 06:21 PDT,Tuesday,6,rush,406,368,383,406,406,363,15,38,38,-5
Lot 24,2026-03-31T13:26:06.525285+00:00,2026-03-31 06:26 PDT,Tuesday,6,rush,406,365,384,406,404,361,19,41,39,-4
Lot 24,2026-03-31T13:31:29.081634+00:00,2026-03-31 06:31 PDT,Tuesday,6,rush,406,362,385,406,403,360,23,44,41,-2
Lot 24,2026-03-31T13:36:20.561447+00:00,2026-03-31 06:36 PDT,Tuesday,6,rush,406,361,385,406,401,358,24,45,40,-3
Lot 24,2026-03-31T13:40:56.015295+00:00,2026-03-31 06:40 PDT,Tuesday,6,rush,406,360,385,406,399,356,25,46,39,-4
Lot 24,2026-03-31T13:45:53.974658+00:00,2026-03-31 06:45 PDT,Tuesday,6,rush,406,358,385,406,396,354,27,48,38,-4
Lot 24,2026-03-31T13:50:54.548242+00:00,2026-03-31 06:50 PDT,Tuesday,6,rush,406,354,385,406,394,351,31,52,40,-3
Lot 24,2026-03-31T13:55:50.782122+00:00,2026-03-31 06:55 PDT,Tuesday,6,rush,406,345,385,406,391,348,40,61,46,3
Lot 24,2026-03-31T14:01:29.114306+00:00,2026-03-31 07:01 PDT,Tuesday,7,rush,406,339,384,406,387,344,45,67,48,5
Lot 24,2026-03-31T14:05:46.181987+00:00,2026-03-31 07:05 PDT,Tuesday,7,rush,406,339,383,406,384,341,44,67,45,2
Lot 24,2026-03-31T14:10:55.874584+00:00,2026-03-31 07:10 PDT,Tuesday,7,rush,406,338,382,406,380,337,44,68,42,-1
Lot 24,2026-03-31T14:16:19.554822+00:00,2026-03-31 07:16 PDT,Tuesday,7,rush,406,337,381,406,375,333,44,69,38,-4
Lot 24,2026-03-31T14:20:56.372373+00:00,2026-03-31 07:20 PDT,Tuesday,7,rush,406,340,379,406,371,329,39,66,31,-11
Lot 24,2026-03-31T14:26:06.373539+00:00,2026-03-31 07:26 PDT,Tuesday,7,rush,406,339,377,406,367,324,38,67,28,-15
Lot 24,2026-03-31T14:30:41.170909+00:00,2026-03-31 07:30 PDT,Tuesday,7,rush,406,340,375,406,362,320,35,66,22,-20
Lot 24,2026-03-31T14:36:02.530153+00:00,2026-03-31 07:36 PDT,Tuesday,7,rush,406,325,372,406,357,314,47,81,32,-11
Lot 24,2026-03-31T14:41:16.109071+00:00,2026-03-31 07:41 PDT,Tuesday,7,rush,406,317,370,406,351,309,53,89,34,-8
Lot 24,2026-03-31T14:45:45.404872+00:00,2026-03-31 07:45 PDT,Tuesday,7,rush,406,310,367,406,346,304,57,96,36,-6
Lot 24,2026-03-31T14:50:58.606938+00:00,2026-03-31 07:50 PDT,Tuesday,7,rush,406,302,364,405,340,298,62,103,38,-4
Lot 24,2026-03-31T14:55:59.432997+00:00,2026-03-31 07:55 PDT,Tuesday,7,rush,406,294,360,402,335,292,66,108,41,-2
Lot 24,2026-03-31T15:01:55.682136+00:00,2026-03-31 08:01 PDT,Tuesday,8,rush,406,282,356,397,327,285,74,115,45,3
Lot 24,2026-03-31T15:05:59.067474+00:00,2026-03-31 08:05 PDT,Tuesday,8,rush,406,271,352,394,322,280,81,123,51,9
Lot 24,2026-03-31T15:10:49.040300+00:00,2026-03-31 08:10 PDT,Tuesday,8,rush,406,260,348,391,316,274,88,131,56,14
Lot 24,2026-03-31T15:16:18.185077+00:00,2026-03-31 08:16 PDT,Tuesday,8,rush,406,248,343,386,310,267,95,138,62,19
Lot 24,2026-03-31T15:21:14.835017+00:00,2026-03-31 08:21 PDT,Tuesday,8,rush,406,243,339,382,303,261,96,139,60,18
Lot 24,2026-03-31T15:25:57.713522+00:00,2026-03-31 08:25 PDT,Tuesday,8,rush,406,238,334,378,297,254,96,140,59,16
Lot 24,2026-03-31T15:31:29.756838+00:00,2026-03-31 08:31 PDT,Tuesday,8,rush,406,227,328,372,290,247,101,145,63,20
Lot 24,2026-03-31T15:36:30.431234+00:00,2026-03-31 08:36 PDT,Tuesday,8,rush,406,222,323,367,283,241,101,145,61,19
Lot 24,2026-03-31T15:41:13.619545+00:00,2026-03-31 08:41 PDT,Tuesday,8,rush,406,217,318,363,277,235,101,146,60,18
Lot 24,2026-03-31T15:45:50.100136+00:00,2026-03-31 08:45 PDT,Tuesday,8,rush,406,208,313,358,271,229,105,150,63,21
Lot 24,2026-03-31T15:50:42.755744+00:00,2026-03-31 08:50 PDT,Tuesday,8,rush,406,203,307,353,265,222,104,150,62,19
Lot 24,2026-03-31T15:55:55.251789+00:00,2026-03-31 08:55 PDT,Tuesday,8,rush,406,200,301,347,258,216,101,147,58,16
Lot 24,2026-03-31T16:01:47.881189+00:00,2026-03-31 09:01 PDT,Tuesday,9,rush,406,187,294,341,251,208,107,154,64,21
Lot 24,2026-03-31T16:06:02.340234+00:00,2026-03-31 09:06 PDT,Tuesday,9,rush,406,183,289,336,245,203,106,153,62,20
Lot 24,2026-03-31T16:10:58.635917+00:00,2026-03-31 09:10 PDT,Tuesday,9,rush,406,177,283,330,239,197,106,153,62,20
Lot 24,2026-03-31T16:15:50.845714+00:00,2026-03-31 09:15 PDT,Tuesday,9,rush,406,170,277,325,233,191,107,155,63,21
Lot 24,2026-03-31T16:21:33.318873+00:00,2026-03-31 09:21 PDT,Tuesday,9,rush,406,160,269,318,227,184,109,158,67,24
Lot 24,2026-03-31T16:26:14.621763+00:00,2026-03-31 09:26 PDT,Tuesday,9,rush,406,157,264,313,221,178,107,156,64,21
Lot 24,2026-03-31T16:31:45.905948+00:00,2026-03-31 09:31 PDT,Tuesday,9,rush,406,149,257,306,215,172,108,157,66,23
Lot 24,2026-03-31T16:35:48.405673+00:00,2026-03-31 09:35 PDT,Tuesday,9,rush,406,150,251,301,210,168,101,151,60,18
Lot 24,2026-03-31T16:41:15.398737+00:00,2026-03-31 09:41 PDT,Tuesday,9,rush,406,142,245,295,205,162,103,153,63,20
Lot 24,2026-03-31T16:45:58.380311+00:00,2026-03-31 09:45 PDT,Tuesday,9,rush,406,138,239,290,200,157,101,152,62,19
Lot 24,2026-03-31T16:51:05.800052+00:00,2026-03-31 09:51 PDT,Tuesday,9,rush,406,134,232,284,195,152,98,150,61,18
Lot 24,2026-03-31T16:56:09.878628+00:00,2026-03-31 09:56 PDT,Tuesday,9,rush,406,127,226,278,190,147,99,151,63,20
Lot 24,2026-03-31T17:00:46.886538+00:00,2026-03-31 10:00 PDT,Tuesday,10,rush,406,127,221,273,185,143,94,146,58,16
Lot 24,2026-03-31T17:05:54.201254+00:00,2026-03-31 10:05 PDT,Tuesday,10,rush,406,125,215,267,181,138,90,142,56,13
Lot 24,2026-03-31T17:10:53.424264+00:00,2026-03-31 10:10 PDT,Tuesday,10,rush,406,123,209,262,177,134,86,139,54,11
Lot 24,2026-03-31T17:15:50.803534+00:00,2026-03-31 10:15 PDT,Tuesday,10,rush,406,116,203,257,173,130,87,141,57,14
Lot 24,2026-03-31T17:20:58.982758+00:00,2026-03-31 10:20 PDT,Tuesday,10,rush,406,116,198,251,169,126,82,135,53,10
Lot 24,2026-03-31T17:25:50.934264+00:00,2026-03-31 10:25 PDT,Tuesday,10,rush,406,115,192,246,165,122,77,131,50,7
Lot 24,2026-03-31T17:32:39.152280+00:00,2026-03-31 10:32 PDT,Tuesday,10,rush,406,106,185,240,161,118,79,134,55,12
Lot 24,2026-03-31T17:36:04.969200+00:00,2026-03-31 10:36 PDT,Tuesday,10,rush,406,102,182,236,158,116,80,134,56,14
Lot 24,2026-03-31T17:41:09.582010+00:00,2026-03-31 10:41 PDT,Tuesday,10,rush,406,97,177,232,155,112,80,135,58,15
Lot 24,2026-03-31T17:45:25.198687+00:00,2026-03-31 10:45 PDT,Tuesday,10,rush,406,96,173,228,153,110,77,132,57,14
Lot 24,2026-03-31T17:50:17.299093+00:00,2026-03-31 10:50 PDT,Tuesday,10,rush,406,90,168,224,150,107,78,134,60,17
Lot 24,2026-03-31T17:55:31.612192+00:00,2026-03-31 10:55 PDT,Tuesday,10,rush,406,84,163,219,148,105,79,135,64,21
Lot 24,2026-03-31T18:00:31.328416+00:00,2026-03-31 11:00 PDT,Tuesday,11,midday,406,80,159,215,145,102,79,135,65,22
Lot 24,2026-03-31T18:05:16.775025+00:00,2026-03-31 11:05 PDT,Tuesday,11,midday,406,80,155,212,143,100,75,132,63,20
Lot 24,2026-03-31T18:10:23.764881+00:00,2026-03-31 11:10 PDT,Tuesday,11,midday,406,80,151,208,141,98,71,128,61,18
Lot 24,2026-03-31T18:15:22.510660+00:00,2026-03-31 11:15 PDT,Tuesday,11,midday,406,79,148,204,139,97,69,125,60,18
Big Springs 1,2026-03-29T19:02:02.389511+00:00,2026-03-29 12:02 PDT,Sunday,12,off-peak,490,334,451,488,451,317,117,154,117,-17
Big Springs 1,2026-03-29T20:02:22.446744+00:00,2026-03-29 13:02 PDT,Sunday,13,off-peak,490,337,453,490,452,317,116,153,115,-20
Big Springs 1,2026-03-29T21:02:21.771809+00:00,2026-03-29 14:02 PDT,Sunday,14,off-peak,490,347,453,490,452,315,106,143,105,-32
Big Springs 1,2026-03-29T22:02:31.280883+00:00,2026-03-29 15:02 PDT,Sunday,15,off-peak,490,340,454,490,453,312,114,150,113,-28
Big Springs 1,2026-03-29T23:01:56.838203+00:00,2026-03-29 16:01 PDT,Sunday,16,off-peak,490,330,454,490,454,311,124,160,124,-19
Big Springs 1,2026-03-30T00:01:11.054104+00:00,2026-03-29 17:01 PDT,Sunday,17,off-peak,490,325,455,490,457,315,130,165,132,-10
Big Springs 1,2026-03-30T00:16:21.661642+00:00,2026-03-29 17:16 PDT,Sunday,17,off-peak,490,316,456,490,457,317,140,174,141,1
Big Springs 1,2026-03-30T00:31:36.382530+00:00,2026-03-29 17:31 PDT,Sunday,17,off-peak,490,316,457,490,458,318,141,174,142,2
Big Springs 1,2026-03-30T00:46:02.354130+00:00,2026-03-29 17:46 PDT,Sunday,17,off-peak,490,316,457,490,459,319,141,174,143,3
Big Springs 1,2026-03-30T01:02:36.904727+00:00,2026-03-29 18:02 PDT,Sunday,18,off-peak,490,308,458,490,459,321,150,182,151,13
Big Springs 1,2026-03-30T01:16:36.460321+00:00,2026-03-29 18:16 PDT,Sunday,18,off-peak,490,304,459,490,460,321,155,186,156,17
Big Springs 1,2026-03-30T01:31:08.103660+00:00,2026-03-29 18:31 PDT,Sunday,18,off-peak,490,297,459,490,460,322,162,193,163,25
Big Springs 1,2026-03-30T01:46:36.162718+00:00,2026-03-29 18:46 PDT,Sunday,18,off-peak,490,299,460,490,460,322,161,191,161,23
Big Springs 1,2026-03-30T02:02:12.831917+00:00,2026-03-29 19:02 PDT,Sunday,19,off-peak,490,304,460,490,460,321,156,186,156,17
Big Springs 1,2026-03-30T03:02:31.171331+00:00,2026-03-29 20:02 PDT,Sunday,20,off-peak,490,304,461,490,458,313,157,186,154,9
Big Springs 1,2026-03-30T04:02:03.163566+00:00,2026-03-29 21:02 PDT,Sunday,21,off-peak,490,283,458,490,452,299,175,207,169,16
Big Springs 1,2026-03-30T05:02:21.046336+00:00,2026-03-29 22:02 PDT,Sunday,22,off-peak,490,251,450,488,441,284,199,237,190,33
Big Springs 1,2026-03-30T06:01:48.628565+00:00,2026-03-29 23:01 PDT,Sunday,23,off-peak,490,238,438,478,428,273,200,240,190,35
Big Springs 1,2026-03-30T07:02:10.543751+00:00,2026-03-30 00:02 PDT,Monday,0,off-peak,490,213,425,466,414,265,212,253,201,52
Big Springs 1,2026-03-30T08:02:37.603319+00:00,2026-03-30 01:02 PDT,Monday,1,off-peak,490,209,412,454,403,256,203,245,194,47
Big Springs 1,2026-03-30T09:01:46.431090+00:00,2026-03-30 02:01 PDT,Monday,2,off-peak,490,200,402,444,395,243,202,244,195,43
Big Springs 1,2026-03-30T10:01:58.830447+00:00,2026-03-30 03:01 PDT,Monday,3,off-peak,490,197,395,438,390,227,198,241,193,30
Big Springs 1,2026-03-30T11:01:40.700249+00:00,2026-03-30 04:01 PDT,Monday,4,off-peak,490,196,391,435,387,214,195,239,191,18
Big Springs 1,2026-03-30T12:02:04.569568+00:00,2026-03-30 05:02 PDT,Monday,5,off-peak,490,197,388,433,385,209,191,236,188,12
Big Springs 1,2026-03-30T13:01:31.239469+00:00,2026-03-30 06:01 PDT,Monday,6,rush,490,196,386,430,383,211,190,234,187,15
Big Springs 1,2026-03-30T13:05:52.460378+00:00,2026-03-30 06:05 PDT,Monday,6,rush,490,196,386,430,383,212,190,234,187,16
Big Springs 1,2026-03-30T13:11:10.395795+00:00,2026-03-30 06:11 PDT,Monday,6,rush,490,196,385,430,382,212,189,234,186,16
Big Springs 1,2026-03-30T13:16:22.759544+00:00,2026-03-30 06:16 PDT,Monday,6,rush,490,195,385,430,382,213,190,235,187,18
Big Springs 1,2026-03-30T13:21:02.658968+00:00,2026-03-30 06:21 PDT,Monday,6,rush,490,195,385,430,382,213,190,235,187,18
Big Springs 1,2026-03-30T13:26:17.147721+00:00,2026-03-30 06:26 PDT,Monday,6,rush,490,195,385,429,382,214,190,234,187,19
Big Springs 1,2026-03-30T13:31:32.440842+00:00,2026-03-30 06:31 PDT,Monday,6,rush,490,196,385,429,382,214,189,233,186,18
Big Springs 1,2026-03-30T13:35:53.376051+00:00,2026-03-30 06:35 PDT,Monday,6,rush,490,196,384,429,381,215,188,233,185,19
Big Springs 1,2026-03-30T13:41:35.538395+00:00,2026-03-30 06:41 PDT,Monday,6,rush,490,197,384,429,381,215,187,232,184,18
Big Springs 1,2026-03-30T13:45:57.864465+00:00,2026-03-30 06:45 PDT,Monday,6,rush,490,197,384,429,381,216,187,232,184,19
Big Springs 1,2026-03-30T13:50:45.922163+00:00,2026-03-30 06:50 PDT,Monday,6,rush,490,196,384,428,381,216,188,232,185,20
Big Springs 1,2026-03-30T13:56:03.088951+00:00,2026-03-30 06:56 PDT,Monday,6,rush,490,195,384,428,381,217,189,233,186,22
Big Springs 1,2026-03-30T14:00:52.093794+00:00,2026-03-30 07:00 PDT,Monday,7,rush,490,196,383,428,380,217,187,232,184,21
Big Springs 1,2026-03-30T14:05:56.858544+00:00,2026-03-30 07:05 PDT,Monday,7,rush,490,196,383,428,380,218,187,232,184,22
Big Springs 1,2026-03-30T14:11:18.493637+00:00,2026-03-30 07:11 PDT,Monday,7,rush,490,195,383,427,380,218,188,232,185,23
Big Springs 1,2026-03-30T14:15:58.537706+00:00,2026-03-30 07:15 PDT,Monday,7,rush,490,195,383,427,380,219,188,232,185,24
Big Springs 1,2026-03-30T14:20:56.391843+00:00,2026-03-30 07:20 PDT,Monday,7,rush,490,195,383,427,380,219,188,232,185,24
Big Springs 1,2026-03-30T14:25:47.032945+00:00,2026-03-30 07:25 PDT,Monday,7,rush,490,195,382,427,380,220,187,232,185,25
Big Springs 1,2026-03-30T14:32:08.459918+00:00,2026-03-30 07:32 PDT,Monday,7,rush,490,194,382,426,380,220,188,232,186,26
Big Springs 1,2026-03-30T14:35:50.723180+00:00,2026-03-30 07:35 PDT,Monday,7,rush,490,194,382,426,379,221,188,232,185,27
Big Springs 1,2026-03-30T14:41:28.312117+00:00,2026-03-30 07:41 PDT,Monday,7,rush,490,193,382,426,379,221,189,233,186,28
Big Springs 1,2026-03-30T14:46:08.108241+00:00,2026-03-30 07:46 PDT,Monday,7,rush,490,194,382,426,379,221,188,232,185,27
Big Springs 1,2026-03-30T14:50:51.579642+00:00,2026-03-30 07:50 PDT,Monday,7,rush,490,194,381,426,379,222,187,232,185,28
Big Springs 1,2026-03-30T14:55:53.890682+00:00,2026-03-30 07:55 PDT,Monday,7,rush,490,193,381,425,379,222,188,232,186,29
Big Springs 1,2026-03-30T15:01:22.140825+00:00,2026-03-30 08:01 PDT,Monday,8,rush,490,191,381,425,379,222,190,234,188,31
Big Springs 1,2026-03-30T15:11:01.257999+00:00,2026-03-30 08:11 PDT,Monday,8,rush,490,191,381,425,379,223,190,234,188,32
Big Springs 1,2026-03-30T15:16:17.572836+00:00,2026-03-30 08:16 PDT,Monday,8,rush,490,191,381,425,379,223,190,234,188,32
Big Springs 1,2026-03-30T15:20:57.562825+00:00,2026-03-30 08:20 PDT,Monday,8,rush,490,192,381,424,379,223,189,232,187,31
Big Springs 1,2026-03-30T15:25:59.624926+00:00,2026-03-30 08:25 PDT,Monday,8,rush,490,192,381,424,379,224,189,232,187,32
Big Springs 1,2026-03-30T15:31:25.737119+00:00,2026-03-30 08:31 PDT,Monday,8,rush,490,192,380,424,379,224,188,232,187,32
Big Springs 1,2026-03-30T15:35:52.061190+00:00,2026-03-30 08:35 PDT,Monday,8,rush,490,192,380,424,379,224,188,232,187,32
Big Springs 1,2026-03-30T15:41:15.606745+00:00,2026-03-30 08:41 PDT,Monday,8,rush,490,191,380,424,379,224,189,233,188,33
Big Springs 1,2026-03-30T15:46:47.016324+00:00,2026-03-30 08:46 PDT,Monday,8,rush,490,188,380,424,379,224,192,236,191,36
Big Springs 1,2026-03-30T15:51:30.787367+00:00,2026-03-30 08:51 PDT,Monday,8,rush,490,188,380,424,379,224,192,236,191,36
Big Springs 1,2026-03-30T15:55:46.971471+00:00,2026-03-30 08:55 PDT,Monday,8,rush,490,190,380,424,379,224,190,234,189,34
Big Springs 1,2026-03-30T16:01:45.757108+00:00,2026-03-30 09:01 PDT,Monday,9,rush,490,190,380,424,379,224,190,234,189,34
Big Springs 1,2026-03-30T16:06:07.412351+00:00,2026-03-30 09:06 PDT,Monday,9,rush,490,190,380,423,379,224,190,233,189,34
Big Springs 1,2026-03-30T16:10:51.731647+00:00,2026-03-30 09:10 PDT,Monday,9,rush,490,191,380,423,379,225,189,232,188,34
Big Springs 1,2026-03-30T16:15:55.951396+00:00,2026-03-30 09:15 PDT,Monday,9,rush,490,192,380,423,379,225,188,231,187,33
Big Springs 1,2026-03-30T16:21:14.300054+00:00,2026-03-30 09:21 PDT,Monday,9,rush,490,193,380,423,379,225,187,230,186,32
Big Springs 1,2026-03-30T16:26:02.706974+00:00,2026-03-30 09:26 PDT,Monday,9,rush,490,193,380,423,379,225,187,230,186,32
Big Springs 1,2026-03-30T16:31:12.463464+00:00,2026-03-30 09:31 PDT,Monday,9,rush,490,192,380,423,379,225,188,231,187,33
Big Springs 1,2026-03-30T16:36:07.129290+00:00,2026-03-30 09:36 PDT,Monday,9,rush,490,193,380,423,379,225,187,230,186,32
Big Springs 1,2026-03-30T16:41:46.510666+00:00,2026-03-30 09:41 PDT,Monday,9,rush,490,192,380,423,380,225,188,231,188,33
Big Springs 1,2026-03-30T16:46:15.047826+00:00,2026-03-30 09:46 PDT,Monday,9,rush,490,190,380,423,380,225,190,233,190,35
Big Springs 1,2026-03-30T16:50:59.026965+00:00,2026-03-30 09:50 PDT,Monday,9,rush,490,191,380,423,380,225,189,232,189,34
Big Springs 1,2026-03-30T16:56:09.257900+00:00,2026-03-30 09:56 PDT,Monday,9,rush,490,191,380,423,380,225,189,232,189,34
Big Springs 1,2026-03-30T17:01:43.456756+00:00,2026-03-30 10:01 PDT,Monday,10,rush,490,190,380,423,380,225,190,233,190,35
Big Springs 1,2026-03-30T17:06:11.894362+00:00,2026-03-30 10:06 PDT,Monday,10,rush,490,190,380,423,380,225,190,233,190,35
Big Springs 1,2026-03-30T17:10:56.421436+00:00,2026-03-30 10:10 PDT,Monday,10,rush,490,190,381,423,380,226,191,233,190,36
Big Springs 1,2026-03-30T17:15:52.604308+00:00,2026-03-30 10:15 PDT,Monday,10,rush,490,191,381,423,380,226,190,232,189,35
Big Springs 1,2026-03-30T17:21:01.449816+00:00,2026-03-30 10:21 PDT,Monday,10,rush,490,188,381,423,380,226,193,235,192,38
Big Springs 1,2026-03-30T17:25:47.013074+00:00,2026-03-30 10:25 PDT,Monday,10,rush,490,188,381,424,381,226,193,236,193,38
Big Springs 1,2026-03-30T17:30:20.767431+00:00,2026-03-30 10:30 PDT,Monday,10,rush,490,187,381,424,381,226,194,237,194,39
Big Springs 1,2026-03-30T17:35:15.865208+00:00,2026-03-30 10:35 PDT,Monday,10,rush,490,185,381,424,381,226,196,239,196,41
Big Springs 1,2026-03-30T17:41:04.984839+00:00,2026-03-30 10:41 PDT,Monday,10,rush,490,182,381,424,381,227,199,242,199,45
Big Springs 1,2026-03-30T17:45:31.966292+00:00,2026-03-30 10:45 PDT,Monday,10,rush,490,182,381,424,381,227,199,242,199,45
Big Springs 1,2026-03-30T17:50:30.554319+00:00,2026-03-30 10:50 PDT,Monday,10,rush,490,184,381,424,381,227,197,240,197,43
Big Springs 1,2026-03-30T17:55:24.051359+00:00,2026-03-30 10:55 PDT,Monday,10,rush,490,186,382,424,381,227,196,238,195,41
Big Springs 1,2026-03-30T18:00:30.368137+00:00,2026-03-30 11:00 PDT,Monday,11,midday,490,186,382,424,382,227,196,238,196,41
Big Springs 1,2026-03-30T18:05:24.749727+00:00,2026-03-30 11:05 PDT,Monday,11,midday,490,186,382,424,382,228,196,238,196,42
Big Springs 1,2026-03-30T18:10:19.750695+00:00,2026-03-30 11:10 PDT,Monday,11,midday,490,184,382,424,382,228,198,240,198,44
Big Springs 1,2026-03-30T18:15:34.792879+00:00,2026-03-30 11:15 PDT,Monday,11,midday,490,185,382,424,382,228,197,239,197,43
Big Springs 1,2026-03-30T18:20:48.585209+00:00,2026-03-30 11:20 PDT,Monday,11,midday,490,186,382,424,382,228,196,238,196,42
Big Springs 1,2026-03-30T18:25:22.983240+00:00,2026-03-30 11:25 PDT,Monday,11,midday,490,187,382,425,382,229,195,238,195,42
Big Springs 1,2026-03-30T18:30:47.550716+00:00,2026-03-30 11:30 PDT,Monday,11,midday,490,183,383,425,382,229,200,242,199,46
Big Springs 1,2026-03-30T18:35:28.340010+00:00,2026-03-30 11:35 PDT,Monday,11,midday,490,182,383,425,382,229,201,243,200,47
Big Springs 1,2026-03-30T18:40:23.443217+00:00,2026-03-30 11:40 PDT,Monday,11,midday,490,181,383,425,382,229,202,244,201,48
Big Springs 1,2026-03-30T18:45:14.799595+00:00,2026-03-30 11:45 PDT,Monday,11,midday,490,181,383,425,383,230,202,244,202,49
Big Springs 1,2026-03-30T18:50:28.857279+00:00,2026-03-30 11:50 PDT,Monday,11,midday,490,182,383,425,383,230,201,243,201,48
Big Springs 1,2026-03-30T18:56:27.603585+00:00,2026-03-30 11:56 PDT,Monday,11,midday,490,181,383,425,383,230,202,244,202,49
Big Springs 1,2026-03-30T19:01:39.469797+00:00,2026-03-30 12:01 PDT,Monday,12,midday,490,184,383,425,383,230,199,241,199,46
Big Springs 1,2026-03-30T19:15:37.281072+00:00,2026-03-30 12:15 PDT,Monday,12,midday,490,180,384,425,383,231,204,245,203,51
Big Springs 1,2026-03-30T19:30:48.365678+00:00,2026-03-30 12:30 PDT,Monday,12,midday,490,176,384,425,383,231,208,249,207,55
Big Springs 1,2026-03-30T19:45:46.976984+00:00,2026-03-30 12:45 PDT,Monday,12,midday,490,282,384,426,383,232,102,144,101,-50
Big Springs 1,2026-03-30T20:01:00.198197+00:00,2026-03-30 13:01 PDT,Monday,13,midday,490,278,385,426,383,232,107,148,105,-46
Big Springs 1,2026-03-30T20:15:32.613409+00:00,2026-03-30 13:15 PDT,Monday,13,midday,490,276,385,426,384,232,109,150,108,-44
Big Springs 1,2026-03-30T20:31:07.577827+00:00,2026-03-30 13:31 PDT,Monday,13,midday,490,275,385,426,384,232,110,151,109,-43
Big Springs 1,2026-03-30T20:45:41.781073+00:00,2026-03-30 13:45 PDT,Monday,13,midday,490,274,385,426,384,231,111,152,110,-43
Big Springs 1,2026-03-30T21:01:23.842908+00:00,2026-03-30 14:01 PDT,Monday,14,midday,490,268,385,425,384,231,117,157,116,-37
Big Springs 1,2026-03-30T21:15:43.978448+00:00,2026-03-30 14:15 PDT,Monday,14,midday,490,273,385,425,384,230,112,152,111,-43
Big Springs 1,2026-03-30T21:30:48.167399+00:00,2026-03-30 14:30 PDT,Monday,14,midday,490,271,385,425,384,230,114,154,113,-41
Big Springs 1,2026-03-30T21:46:06.693778+00:00,2026-03-30 14:46 PDT,Monday,14,midday,490,271,385,425,384,229,114,154,113,-42
Big Springs 1,2026-03-30T22:00:51.715692+00:00,2026-03-30 15:00 PDT,Monday,15,midday,490,273,385,425,384,229,112,152,111,-44
Big Springs 1,2026-03-30T22:16:11.516605+00:00,2026-03-30 15:16 PDT,Monday,15,midday,490,272,386,425,385,229,114,153,113,-43
Big Springs 1,2026-03-30T22:31:08.898389+00:00,2026-03-30 15:31 PDT,Monday,15,midday,490,270,386,426,385,229,116,156,115,-41
Big Springs 1,2026-03-30T22:45:18.321760+00:00,2026-03-30 15:45 PDT,Monday,15,midday,490,273,386,426,386,229,113,153,113,-44
Big Springs 1,2026-03-30T23:00:36.464224+00:00,2026-03-30 16:00 PDT,Monday,16,midday,490,269,386,426,386,230,117,157,117,-39
Big Springs 1,2026-03-30T23:16:16.735458+00:00,2026-03-30 16:16 PDT,Monday,16,midday,490,271,386,426,387,231,115,155,116,-40
Big Springs 1,2026-03-30T23:30:46.639724+00:00,2026-03-30 16:30 PDT,Monday,16,midday,490,274,387,427,387,232,113,153,113,-42
Big Springs 1,2026-03-30T23:46:03.430510+00:00,2026-03-30 16:46 PDT,Monday,16,midday,490,274,387,427,388,234,113,153,114,-40
Big Springs 1,2026-03-31T00:01:15.374801+00:00,2026-03-30 17:01 PDT,Monday,17,midday,490,275,388,428,389,235,113,153,114,-40
Big Springs 1,2026-03-31T00:15:53.227912+00:00,2026-03-30 17:15 PDT,Monday,17,midday,490,276,388,428,390,237,112,152,114,-39
Big Springs 1,2026-03-31T00:31:01.581915+00:00,2026-03-30 17:31 PDT,Monday,17,midday,490,280,389,429,390,239,109,149,110,-41
Big Springs 1,2026-03-31T00:45:51.884217+00:00,2026-03-30 17:45 PDT,Monday,17,midday,490,284,390,429,391,241,106,145,107,-43
Big Springs 1,2026-03-31T01:01:39.204362+00:00,2026-03-30 18:01 PDT,Monday,18,off-peak,490,283,391,430,392,242,108,147,109,-41
Big Springs 1,2026-03-31T01:15:19.014864+00:00,2026-03-30 18:15 PDT,Monday,18,off-peak,490,279,391,431,393,243,112,152,114,-36
Big Springs 1,2026-03-31T01:30:40.549573+00:00,2026-03-30 18:30 PDT,Monday,18,off-peak,490,279,392,431,393,244,113,152,114,-35
Big Springs 1,2026-03-31T01:46:03.540178+00:00,2026-03-30 18:46 PDT,Monday,18,off-peak,490,285,393,432,393,245,108,147,108,-40
Big Springs 1,2026-03-31T02:02:11.738395+00:00,2026-03-30 19:02 PDT,Monday,19,off-peak,490,294,394,432,394,245,100,138,100,-49
Big Springs 1,2026-03-31T03:01:39.757444+00:00,2026-03-30 20:01 PDT,Monday,20,off-peak,490,295,395,432,392,239,100,137,97,-56
Big Springs 1,2026-03-31T04:02:10.695652+00:00,2026-03-30 21:02 PDT,Monday,21,off-peak,490,284,393,430,387,227,109,146,103,-57
Big Springs 1,2026-03-31T05:02:14.540904+00:00,2026-03-30 22:02 PDT,Monday,22,off-peak,490,266,386,424,377,214,120,158,111,-52
Big Springs 1,2026-03-31T07:03:05.595459+00:00,2026-03-31 00:03 PDT,Tuesday,0,off-peak,490,250,363,403,353,199,113,153,103,-51
Big Springs 1,2026-03-31T08:02:55.649052+00:00,2026-03-31 01:02 PDT,Tuesday,1,off-peak,490,242,351,392,343,193,109,150,101,-49
Big Springs 1,2026-03-31T09:03:35.164391+00:00,2026-03-31 02:03 PDT,Tuesday,2,off-peak,490,238,343,384,337,182,105,146,99,-56
Big Springs 1,2026-03-31T10:02:10.119842+00:00,2026-03-31 03:02 PDT,Tuesday,3,off-peak,490,233,338,379,334,169,105,146,101,-64
Big Springs 1,2026-03-31T11:02:03.638648+00:00,2026-03-31 04:02 PDT,Tuesday,4,off-peak,490,234,335,378,333,158,101,144,99,-76
Big Springs 1,2026-03-31T12:02:13.326059+00:00,2026-03-31 05:02 PDT,Tuesday,5,off-peak,490,232,335,377,333,155,103,145,101,-77
Big Springs 1,2026-03-31T13:01:42.830914+00:00,2026-03-31 06:01 PDT,Tuesday,6,rush,490,232,334,377,332,160,102,145,100,-72
Big Springs 1,2026-03-31T13:06:13.642302+00:00,2026-03-31 06:06 PDT,Tuesday,6,rush,490,233,334,377,332,161,101,144,99,-72
Big Springs 1,2026-03-31T13:11:27.347632+00:00,2026-03-31 06:11 PDT,Tuesday,6,rush,490,234,334,377,332,161,100,143,98,-73
Big Springs 1,2026-03-31T13:15:51.630045+00:00,2026-03-31 06:15 PDT,Tuesday,6,rush,490,235,334,377,332,162,99,142,97,-73
Big Springs 1,2026-03-31T13:21:07.254746+00:00,2026-03-31 06:21 PDT,Tuesday,6,rush,490,236,334,377,332,163,98,141,96,-73
Big Springs 1,2026-03-31T13:26:06.213365+00:00,2026-03-31 06:26 PDT,Tuesday,6,rush,490,236,334,377,332,164,98,141,96,-72
Big Springs 1,2026-03-31T13:31:28.770846+00:00,2026-03-31 06:31 PDT,Tuesday,6,rush,490,236,334,377,332,164,98,141,96,-72
Big Springs 1,2026-03-31T13:36:20.255176+00:00,2026-03-31 06:36 PDT,Tuesday,6,rush,490,236,334,377,332,165,98,141,96,-71
Big Springs 1,2026-03-31T13:40:55.709777+00:00,2026-03-31 06:40 PDT,Tuesday,6,rush,490,236,334,377,332,166,98,141,96,-70
Big Springs 1,2026-03-31T13:45:53.661483+00:00,2026-03-31 06:45 PDT,Tuesday,6,rush,490,236,334,377,332,166,98,141,96,-70
Big Springs 1,2026-03-31T13:50:54.244219+00:00,2026-03-31 06:50 PDT,Tuesday,6,rush,490,237,334,377,332,167,97,140,95,-70
Big Springs 1,2026-03-31T13:55:50.472758+00:00,2026-03-31 06:55 PDT,Tuesday,6,rush,490,238,334,377,332,168,96,139,94,-70
Big Springs 1,2026-03-31T14:01:28.783709+00:00,2026-03-31 07:01 PDT,Tuesday,7,rush,490,237,333,377,332,169,96,140,95,-68
Big Springs 1,2026-03-31T14:05:45.870190+00:00,2026-03-31 07:05 PDT,Tuesday,7,rush,490,237,333,377,332,169,96,140,95,-68
Big Springs 1,2026-03-31T14:10:55.568151+00:00,2026-03-31 07:10 PDT,Tuesday,7,rush,490,237,333,377,332,170,96,140,95,-67
Big Springs 1,2026-03-31T14:16:19.236597+00:00,2026-03-31 07:16 PDT,Tuesday,7,rush,490,237,333,377,332,171,96,140,95,-66
Big Springs 1,2026-03-31T14:20:56.069288+00:00,2026-03-31 07:20 PDT,Tuesday,7,rush,490,237,333,376,332,171,96,139,95,-66
Big Springs 1,2026-03-31T14:26:06.063138+00:00,2026-03-31 07:26 PDT,Tuesday,7,rush,490,236,333,376,332,172,97,140,96,-64
Big Springs 1,2026-03-31T14:30:40.871066+00:00,2026-03-31 07:30 PDT,Tuesday,7,rush,490,236,333,376,332,173,97,140,96,-63
Big Springs 1,2026-03-31T14:36:02.198590+00:00,2026-03-31 07:36 PDT,Tuesday,7,rush,490,237,333,376,332,173,96,139,95,-64
Big Springs 1,2026-03-31T14:41:15.810007+00:00,2026-03-31 07:41 PDT,Tuesday,7,rush,490,235,333,376,333,174,98,141,98,-61
Big Springs 1,2026-03-31T14:45:45.083363+00:00,2026-03-31 07:45 PDT,Tuesday,7,rush,490,234,333,376,333,175,99,142,99,-59
Big Springs 1,2026-03-31T14:50:58.300026+00:00,2026-03-31 07:50 PDT,Tuesday,7,rush,490,235,333,376,333,175,98,141,98,-60
Big Springs 1,2026-03-31T14:55:59.121680+00:00,2026-03-31 07:55 PDT,Tuesday,7,rush,490,235,333,376,333,176,98,141,98,-59
Big Springs 1,2026-03-31T15:01:55.315010+00:00,2026-03-31 08:01 PDT,Tuesday,8,rush,490,233,333,376,333,176,100,143,100,-57
Big Springs 1,2026-03-31T15:05:58.613734+00:00,2026-03-31 08:05 PDT,Tuesday,8,rush,490,233,333,376,333,177,100,143,100,-56
Big Springs 1,2026-03-31T15:10:48.701791+00:00,2026-03-31 08:10 PDT,Tuesday,8,rush,490,232,333,376,333,177,101,144,101,-55
Big Springs 1,2026-03-31T15:16:17.842182+00:00,2026-03-31 08:16 PDT,Tuesday,8,rush,490,232,333,376,333,178,101,144,101,-54
Big Springs 1,2026-03-31T15:21:14.446002+00:00,2026-03-31 08:21 PDT,Tuesday,8,rush,490,233,334,376,333,178,101,143,100,-55
Big Springs 1,2026-03-31T15:25:57.359391+00:00,2026-03-31 08:25 PDT,Tuesday,8,rush,490,232,334,376,334,178,102,144,102,-54
Big Springs 1,2026-03-31T15:31:29.380973+00:00,2026-03-31 08:31 PDT,Tuesday,8,rush,490,233,334,376,334,179,101,143,101,-54
Big Springs 1,2026-03-31T15:36:30.132970+00:00,2026-03-31 08:36 PDT,Tuesday,8,rush,490,235,334,376,334,179,99,141,99,-56
Big Springs 1,2026-03-31T15:41:13.296044+00:00,2026-03-31 08:41 PDT,Tuesday,8,rush,490,233,334,376,334,179,101,143,101,-54
Big Springs 1,2026-03-31T15:45:49.738132+00:00,2026-03-31 08:45 PDT,Tuesday,8,rush,490,232,334,377,334,180,102,145,102,-52
Big Springs 1,2026-03-31T15:50:42.400500+00:00,2026-03-31 08:50 PDT,Tuesday,8,rush,490,232,334,377,335,180,102,145,103,-52
Big Springs 1,2026-03-31T15:55:54.879647+00:00,2026-03-31 08:55 PDT,Tuesday,8,rush,490,231,334,377,335,180,103,146,104,-51
Big Springs 1,2026-03-31T16:01:47.518707+00:00,2026-03-31 09:01 PDT,Tuesday,9,rush,490,230,334,377,335,181,104,147,105,-49
Big Springs 1,2026-03-31T16:06:01.988273+00:00,2026-03-31 09:06 PDT,Tuesday,9,rush,490,231,334,377,335,181,103,146,104,-50
Big Springs 1,2026-03-31T16:10:58.240302+00:00,2026-03-31 09:10 PDT,Tuesday,9,rush,490,230,335,377,335,181,105,147,105,-49
Big Springs 1,2026-03-31T16:15:50.490488+00:00,2026-03-31 09:15 PDT,Tuesday,9,rush,490,228,335,377,336,181,107,149,108,-47
Big Springs 1,2026-03-31T16:21:32.956801+00:00,2026-03-31 09:21 PDT,Tuesday,9,rush,490,228,335,377,336,182,107,149,108,-46
Big Springs 1,2026-03-31T16:26:14.252282+00:00,2026-03-31 09:26 PDT,Tuesday,9,rush,490,230,335,378,336,182,105,148,106,-48
Big Springs 1,2026-03-31T16:31:45.554334+00:00,2026-03-31 09:31 PDT,Tuesday,9,rush,490,230,335,378,337,182,105,148,107,-48
Big Springs 1,2026-03-31T16:35:48.020761+00:00,2026-03-31 09:35 PDT,Tuesday,9,rush,490,230,336,378,337,182,106,148,107,-48
Big Springs 1,2026-03-31T16:41:15.039302+00:00,2026-03-31 09:41 PDT,Tuesday,9,rush,490,231,336,378,337,183,105,147,106,-48
Big Springs 1,2026-03-31T16:45:58.025872+00:00,2026-03-31 09:45 PDT,Tuesday,9,rush,490,229,336,378,337,183,107,149,108,-46
Big Springs 1,2026-03-31T16:51:05.436691+00:00,2026-03-31 09:51 PDT,Tuesday,9,rush,490,229,336,378,338,183,107,149,109,-46
Big Springs 1,2026-03-31T16:56:09.511140+00:00,2026-03-31 09:56 PDT,Tuesday,9,rush,490,230,337,379,338,184,107,149,108,-46
Big Springs 1,2026-03-31T17:00:46.532653+00:00,2026-03-31 10:00 PDT,Tuesday,10,rush,490,230,337,379,338,184,107,149,108,-46
Big Springs 1,2026-03-31T17:05:53.827674+00:00,2026-03-31 10:05 PDT,Tuesday,10,rush,490,232,337,379,339,184,105,147,107,-48
Big Springs 1,2026-03-31T17:10:53.054783+00:00,2026-03-31 10:10 PDT,Tuesday,10,rush,490,233,337,379,339,185,104,146,106,-48
Big Springs 1,2026-03-31T17:15:50.440764+00:00,2026-03-31 10:15 PDT,Tuesday,10,rush,490,233,338,380,339,185,105,147,106,-48
Big Springs 1,2026-03-31T17:20:58.619490+00:00,2026-03-31 10:20 PDT,Tuesday,10,rush,490,231,338,380,340,185,107,149,109,-46
Big Springs 1,2026-03-31T17:25:50.575988+00:00,2026-03-31 10:25 PDT,Tuesday,10,rush,490,232,338,380,340,186,106,148,108,-46
Big Springs 1,2026-03-31T17:32:38.791389+00:00,2026-03-31 10:32 PDT,Tuesday,10,rush,490,236,339,381,340,186,103,145,104,-50
Big Springs 1,2026-03-31T17:36:04.624714+00:00,2026-03-31 10:36 PDT,Tuesday,10,rush,490,236,339,381,341,186,103,145,105,-50
Big Springs 1,2026-03-31T17:41:09.222055+00:00,2026-03-31 10:41 PDT,Tuesday,10,rush,490,233,339,381,341,187,106,148,108,-46
Big Springs 1,2026-03-31T17:45:24.659470+00:00,2026-03-31 10:45 PDT,Tuesday,10,rush,490,233,339,381,341,187,106,148,108,-46
Big Springs 1,2026-03-31T17:50:16.893805+00:00,2026-03-31 10:50 PDT,Tuesday,10,rush,490,230,340,382,342,188,110,152,112,-42
Big Springs 1,2026-03-31T17:55:31.200746+00:00,2026-03-31 10:55 PDT,Tuesday,10,rush,490,229,340,382,342,188,111,153,113,-41
Big Springs 1,2026-03-31T18:00:30.914633+00:00,2026-03-31 11:00 PDT,Tuesday,11,midday,490,231,340,382,342,188,109,151,111,-43
Big Springs 1,2026-03-31T18:05:16.389209+00:00,2026-03-31 11:05 PDT,Tuesday,11,midday,490,231,341,383,342,189,110,152,111,-42
Big Springs 1,2026-03-31T18:10:23.378930+00:00,2026-03-31 11:10 PDT,Tuesday,11,midday,490,231,341,383,343,189,110,152,112,-42
Big Springs 1,2026-03-31T18:15:22.109924+00:00,2026-03-31 11:15 PDT,Tuesday,11,midday,490,231,341,383,343,190,110,152,112,-41
Lot 6,2026-03-29T19:02:02.616031+00:00,2026-03-29 12:02 PDT,Sunday,12,off-peak,387,369,233,272,240,197,-136,-97,-129,-172
Lot 6,2026-03-29T20:02:22.674394+00:00,2026-03-29 13:02 PDT,Sunday,13,off-peak,387,366,219,258,239,194,-147,-108,-127,-172
Lot 6,2026-03-29T21:02:21.987496+00:00,2026-03-29 14:02 PDT,Sunday,14,off-peak,387,362,218,257,241,195,-144,-105,-121,-167
Lot 6,2026-03-29T22:02:31.503120+00:00,2026-03-29 15:02 PDT,Sunday,15,off-peak,387,357,222,261,254,207,-135,-96,-103,-150
Lot 6,2026-03-29T23:01:57.042887+00:00,2026-03-29 16:01 PDT,Sunday,16,off-peak,387,355,236,277,288,242,-119,-78,-67,-113
Lot 6,2026-03-30T00:01:11.281656+00:00,2026-03-29 17:01 PDT,Sunday,17,off-peak,387,362,272,313,343,299,-90,-49,-19,-63
Lot 6,2026-03-30T00:16:21.877817+00:00,2026-03-29 17:16 PDT,Sunday,17,off-peak,387,364,285,326,359,315,-79,-38,-5,-49
Lot 6,2026-03-30T00:31:36.604893+00:00,2026-03-29 17:31 PDT,Sunday,17,off-peak,387,364,299,340,375,331,-65,-24,11,-33
Lot 6,2026-03-30T00:46:02.577649+00:00,2026-03-29 17:46 PDT,Sunday,17,off-peak,387,362,313,353,387,346,-49,-9,25,-16
Lot 6,2026-03-30T01:02:37.126100+00:00,2026-03-29 18:02 PDT,Sunday,18,off-peak,387,362,330,369,387,361,-32,7,25,-1
Lot 6,2026-03-30T01:16:36.681407+00:00,2026-03-29 18:16 PDT,Sunday,18,off-peak,387,363,344,383,387,373,-19,20,24,10
Lot 6,2026-03-30T01:31:08.318999+00:00,2026-03-29 18:31 PDT,Sunday,18,off-peak,387,364,358,387,387,384,-6,23,23,20
Lot 6,2026-03-30T01:46:36.369798+00:00,2026-03-29 18:46 PDT,Sunday,18,off-peak,387,367,372,387,387,387,5,20,20,20
Lot 6,2026-03-30T02:02:13.043180+00:00,2026-03-29 19:02 PDT,Sunday,19,off-peak,387,368,386,387,387,387,18,19,19,19
Lot 6,2026-03-30T03:02:31.399672+00:00,2026-03-29 20:02 PDT,Sunday,20,off-peak,387,370,387,387,387,387,17,17,17,17
Lot 6,2026-03-30T04:02:03.387331+00:00,2026-03-29 21:02 PDT,Sunday,21,off-peak,387,368,387,387,387,387,19,19,19,19
Lot 6,2026-03-30T05:02:21.271878+00:00,2026-03-29 22:02 PDT,Sunday,22,off-peak,387,371,387,387,387,387,16,16,16,16
Lot 6,2026-03-30T06:01:48.833856+00:00,2026-03-29 23:01 PDT,Sunday,23,off-peak,387,372,387,387,387,387,15,15,15,15
Lot 6,2026-03-30T07:02:10.771482+00:00,2026-03-30 00:02 PDT,Monday,0,off-peak,387,373,387,387,387,387,14,14,14,14
Lot 6,2026-03-30T08:02:37.836948+00:00,2026-03-30 01:02 PDT,Monday,1,off-peak,387,374,387,387,387,387,13,13,13,13
Lot 6,2026-03-30T09:01:46.644635+00:00,2026-03-30 02:01 PDT,Monday,2,off-peak,387,374,387,387,387,387,13,13,13,13
Lot 6,2026-03-30T10:01:59.063691+00:00,2026-03-30 03:01 PDT,Monday,3,off-peak,387,375,387,387,387,386,12,12,12,11
Lot 6,2026-03-30T11:01:40.934651+00:00,2026-03-30 04:01 PDT,Monday,4,off-peak,387,376,387,387,387,383,11,11,11,7
Lot 6,2026-03-30T12:02:04.796958+00:00,2026-03-30 05:02 PDT,Monday,5,off-peak,387,376,387,387,387,387,11,11,11,11
Lot 6,2026-03-30T13:01:31.453613+00:00,2026-03-30 06:01 PDT,Monday,6,rush,387,376,387,387,387,387,11,11,11,11
Lot 6,2026-03-30T13:05:52.663448+00:00,2026-03-30 06:05 PDT,Monday,6,rush,387,376,387,387,387,387,11,11,11,11
Lot 6,2026-03-30T13:11:10.607809+00:00,2026-03-30 06:11 PDT,Monday,6,rush,387,376,387,387,387,387,11,11,11,11
Lot 6,2026-03-30T13:16:22.974410+00:00,2026-03-30 06:16 PDT,Monday,6,rush,387,375,387,387,387,387,12,12,12,12
Lot 6,2026-03-30T13:21:02.864922+00:00,2026-03-30 06:21 PDT,Monday,6,rush,387,374,387,387,387,387,13,13,13,13
Lot 6,2026-03-30T13:26:17.369502+00:00,2026-03-30 06:26 PDT,Monday,6,rush,387,372,387,387,387,387,15,15,15,15
Lot 6,2026-03-30T13:31:32.638693+00:00,2026-03-30 06:31 PDT,Monday,6,rush,387,369,387,387,387,387,18,18,18,18
Lot 6,2026-03-30T13:35:53.596217+00:00,2026-03-30 06:35 PDT,Monday,6,rush,387,369,387,387,387,387,18,18,18,18
Lot 6,2026-03-30T13:41:35.738831+00:00,2026-03-30 06:41 PDT,Monday,6,rush,387,368,387,387,387,387,19,19,19,19
Lot 6,2026-03-30T13:45:58.081054+00:00,2026-03-30 06:45 PDT,Monday,6,rush,387,368,387,387,387,387,19,19,19,19
Lot 6,2026-03-30T13:50:46.141370+00:00,2026-03-30 06:50 PDT,Monday,6,rush,387,365,387,387,387,387,22,22,22,22
Lot 6,2026-03-30T13:56:03.302623+00:00,2026-03-30 06:56 PDT,Monday,6,rush,387,365,387,387,387,387,22,22,22,22
Lot 6,2026-03-30T14:00:52.315630+00:00,2026-03-30 07:00 PDT,Monday,7,rush,387,362,387,387,387,387,25,25,25,25
Lot 6,2026-03-30T14:05:57.059736+00:00,2026-03-30 07:05 PDT,Monday,7,rush,387,362,387,387,387,387,25,25,25,25
Lot 6,2026-03-30T14:11:18.704979+00:00,2026-03-30 07:11 PDT,Monday,7,rush,387,357,387,387,387,387,30,30,30,30
Lot 6,2026-03-30T14:15:58.752144+00:00,2026-03-30 07:15 PDT,Monday,7,rush,387,353,387,387,387,387,34,34,34,34
Lot 6,2026-03-30T14:20:56.592538+00:00,2026-03-30 07:20 PDT,Monday,7,rush,387,352,387,387,387,386,35,35,35,34
Lot 6,2026-03-30T14:25:47.245002+00:00,2026-03-30 07:25 PDT,Monday,7,rush,387,347,387,387,387,381,40,40,40,34
Lot 6,2026-03-30T14:32:08.662652+00:00,2026-03-30 07:32 PDT,Monday,7,rush,387,342,387,387,387,375,45,45,45,33
Lot 6,2026-03-30T14:35:50.934093+00:00,2026-03-30 07:35 PDT,Monday,7,rush,387,339,387,387,387,371,48,48,48,32
Lot 6,2026-03-30T14:41:28.512067+00:00,2026-03-30 07:41 PDT,Monday,7,rush,387,334,387,387,387,364,53,53,53,30
Lot 6,2026-03-30T14:46:08.319426+00:00,2026-03-30 07:46 PDT,Monday,7,rush,387,325,387,387,387,359,62,62,62,34
Lot 6,2026-03-30T14:50:51.781398+00:00,2026-03-30 07:50 PDT,Monday,7,rush,387,317,387,387,387,353,70,70,70,36
Lot 6,2026-03-30T14:55:54.103527+00:00,2026-03-30 07:55 PDT,Monday,7,rush,387,311,387,387,387,346,76,76,76,35
Lot 6,2026-03-30T15:01:22.341832+00:00,2026-03-30 08:01 PDT,Monday,8,rush,387,298,387,387,380,339,89,89,82,41
Lot 6,2026-03-30T15:11:01.468310+00:00,2026-03-30 08:11 PDT,Monday,8,rush,387,288,387,387,367,326,99,99,79,38
Lot 6,2026-03-30T15:16:17.788460+00:00,2026-03-30 08:16 PDT,Monday,8,rush,387,282,387,387,359,318,105,105,77,36
Lot 6,2026-03-30T15:20:57.764673+00:00,2026-03-30 08:20 PDT,Monday,8,rush,387,276,387,387,352,311,111,111,76,35
Lot 6,2026-03-30T15:25:59.835247+00:00,2026-03-30 08:25 PDT,Monday,8,rush,387,271,383,387,345,304,112,116,74,33
Lot 6,2026-03-30T15:31:25.956068+00:00,2026-03-30 08:31 PDT,Monday,8,rush,387,268,378,387,337,296,110,119,69,28
Lot 6,2026-03-30T15:35:52.264055+00:00,2026-03-30 08:35 PDT,Monday,8,rush,387,258,373,387,330,289,115,129,72,31
Lot 6,2026-03-30T15:41:15.811193+00:00,2026-03-30 08:41 PDT,Monday,8,rush,387,253,366,387,322,281,113,134,69,28
Lot 6,2026-03-30T15:46:47.225503+00:00,2026-03-30 08:46 PDT,Monday,8,rush,387,244,360,387,314,272,116,143,70,28
Lot 6,2026-03-30T15:51:30.996896+00:00,2026-03-30 08:51 PDT,Monday,8,rush,387,239,354,386,307,265,115,147,68,26
Lot 6,2026-03-30T15:55:47.173327+00:00,2026-03-30 08:55 PDT,Monday,8,rush,387,228,348,381,300,258,120,153,72,30
Lot 6,2026-03-30T16:01:45.959200+00:00,2026-03-30 09:01 PDT,Monday,9,rush,387,226,340,373,291,249,114,147,65,23
Lot 6,2026-03-30T16:06:07.627689+00:00,2026-03-30 09:06 PDT,Monday,9,rush,387,211,334,368,285,243,123,157,74,32
Lot 6,2026-03-30T16:10:51.931300+00:00,2026-03-30 09:10 PDT,Monday,9,rush,387,200,328,362,277,236,128,162,77,36
Lot 6,2026-03-30T16:15:56.162923+00:00,2026-03-30 09:15 PDT,Monday,9,rush,387,190,321,355,270,228,131,165,80,38
Lot 6,2026-03-30T16:21:14.503604+00:00,2026-03-30 09:21 PDT,Monday,9,rush,387,178,313,348,262,220,135,170,84,42
Lot 6,2026-03-30T16:26:02.913828+00:00,2026-03-30 09:26 PDT,Monday,9,rush,387,174,306,341,256,213,132,167,82,39
Lot 6,2026-03-30T16:31:12.664461+00:00,2026-03-30 09:31 PDT,Monday,9,rush,387,168,299,334,248,206,131,166,80,38
Lot 6,2026-03-30T16:36:07.343103+00:00,2026-03-30 09:36 PDT,Monday,9,rush,387,159,291,328,242,200,132,169,83,41
Lot 6,2026-03-30T16:41:46.709457+00:00,2026-03-30 09:41 PDT,Monday,9,rush,387,154,283,320,234,192,129,166,80,38
Lot 6,2026-03-30T16:46:15.268310+00:00,2026-03-30 09:46 PDT,Monday,9,rush,387,147,277,314,229,186,130,167,82,39
Lot 6,2026-03-30T16:50:59.226903+00:00,2026-03-30 09:50 PDT,Monday,9,rush,387,143,270,307,223,181,127,164,80,38
Lot 6,2026-03-30T16:56:09.474607+00:00,2026-03-30 09:56 PDT,Monday,9,rush,387,136,262,300,217,174,126,164,81,38
Lot 6,2026-03-30T17:01:43.660662+00:00,2026-03-30 10:01 PDT,Monday,10,rush,387,130,254,293,210,168,124,163,80,38
Lot 6,2026-03-30T17:06:12.108660+00:00,2026-03-30 10:06 PDT,Monday,10,rush,387,128,248,287,205,163,120,159,77,35
Lot 6,2026-03-30T17:10:56.622637+00:00,2026-03-30 10:10 PDT,Monday,10,rush,387,122,241,281,201,158,119,159,79,36
Lot 6,2026-03-30T17:15:52.825193+00:00,2026-03-30 10:15 PDT,Monday,10,rush,387,120,235,275,196,153,115,155,76,33
Lot 6,2026-03-30T17:21:01.658036+00:00,2026-03-30 10:21 PDT,Monday,10,rush,387,117,228,268,191,148,111,151,74,31
Lot 6,2026-03-30T17:25:47.218775+00:00,2026-03-30 10:25 PDT,Monday,10,rush,387,115,221,262,186,144,106,147,71,29
Lot 6,2026-03-30T17:30:21.127209+00:00,2026-03-30 10:30 PDT,Monday,10,rush,387,111,215,257,183,140,104,146,72,29
Lot 6,2026-03-30T17:35:16.140636+00:00,2026-03-30 10:35 PDT,Monday,10,rush,387,108,209,251,179,136,101,143,71,28
Lot 6,2026-03-30T17:41:05.238517+00:00,2026-03-30 10:41 PDT,Monday,10,rush,387,106,202,244,174,132,96,138,68,26
Lot 6,2026-03-30T17:45:32.232133+00:00,2026-03-30 10:45 PDT,Monday,10,rush,387,104,197,240,171,129,93,136,67,25
Lot 6,2026-03-30T17:50:30.807194+00:00,2026-03-30 10:50 PDT,Monday,10,rush,387,101,192,234,168,125,91,133,67,24
Lot 6,2026-03-30T17:55:24.333543+00:00,2026-03-30 10:55 PDT,Monday,10,rush,387,95,186,229,165,122,91,134,70,27
Lot 6,2026-03-30T18:00:30.621827+00:00,2026-03-30 11:00 PDT,Monday,11,midday,387,98,181,224,163,120,83,126,65,22
Lot 6,2026-03-30T18:05:25.019814+00:00,2026-03-30 11:05 PDT,Monday,11,midday,387,95,176,220,160,117,81,125,65,22
Lot 6,2026-03-30T18:10:20.008698+00:00,2026-03-30 11:10 PDT,Monday,11,midday,387,95,171,216,158,115,76,121,63,20
Lot 6,2026-03-30T18:15:35.054083+00:00,2026-03-30 11:15 PDT,Monday,11,midday,387,89,167,211,156,113,78,122,67,24
Lot 6,2026-03-30T18:20:48.836670+00:00,2026-03-30 11:20 PDT,Monday,11,midday,387,84,162,207,154,111,78,123,70,27
Lot 6,2026-03-30T18:25:23.243613+00:00,2026-03-30 11:25 PDT,Monday,11,midday,387,85,159,203,152,109,74,118,67,24
Lot 6,2026-03-30T18:30:47.808051+00:00,2026-03-30 11:30 PDT,Monday,11,midday,387,84,155,200,151,107,71,116,67,23
Lot 6,2026-03-30T18:35:28.598659+00:00,2026-03-30 11:35 PDT,Monday,11,midday,387,82,151,197,150,106,69,115,68,24
Lot 6,2026-03-30T18:40:23.697859+00:00,2026-03-30 11:40 PDT,Monday,11,midday,387,86,148,194,149,105,62,108,63,19
Lot 6,2026-03-30T18:45:15.059061+00:00,2026-03-30 11:45 PDT,Monday,11,midday,387,85,145,191,148,104,60,106,63,19
Lot 6,2026-03-30T18:50:29.108807+00:00,2026-03-30 11:50 PDT,Monday,11,midday,387,85,142,188,147,103,57,103,62,18
Lot 6,2026-03-30T18:56:27.864334+00:00,2026-03-30 11:56 PDT,Monday,11,midday,387,84,139,185,146,102,55,101,62,18
Lot 6,2026-03-30T19:01:39.729474+00:00,2026-03-30 12:01 PDT,Monday,12,midday,387,106,137,183,146,101,31,77,40,-5
Lot 6,2026-03-30T19:15:37.552142+00:00,2026-03-30 12:15 PDT,Monday,12,midday,387,109,132,177,145,100,23,68,36,-9
Lot 6,2026-03-30T19:30:48.633841+00:00,2026-03-30 12:30 PDT,Monday,12,midday,387,112,128,173,144,99,16,61,32,-13
Lot 6,2026-03-30T19:45:47.242526+00:00,2026-03-30 12:45 PDT,Monday,12,midday,387,110,125,170,144,99,15,60,34,-11
Lot 6,2026-03-30T20:01:00.466875+00:00,2026-03-30 13:01 PDT,Monday,13,midday,387,156,123,169,145,98,-33,13,-11,-58
Lot 6,2026-03-30T20:15:32.895778+00:00,2026-03-30 13:15 PDT,Monday,13,midday,387,158,123,167,145,98,-35,9,-13,-60
Lot 6,2026-03-30T20:31:07.831393+00:00,2026-03-30 13:31 PDT,Monday,13,midday,387,151,122,167,146,99,-29,16,-5,-52
Lot 6,2026-03-30T20:45:42.085916+00:00,2026-03-30 13:45 PDT,Monday,13,midday,387,140,123,167,147,99,-17,27,7,-41
Lot 6,2026-03-30T21:01:24.110983+00:00,2026-03-30 14:01 PDT,Monday,14,midday,387,134,123,167,148,100,-11,33,14,-34
Lot 6,2026-03-30T21:15:44.246454+00:00,2026-03-30 14:15 PDT,Monday,14,midday,387,140,124,168,150,101,-16,28,10,-39
Lot 6,2026-03-30T21:30:48.426130+00:00,2026-03-30 14:30 PDT,Monday,14,midday,387,145,125,168,152,104,-20,23,7,-41
Lot 6,2026-03-30T21:46:06.967939+00:00,2026-03-30 14:46 PDT,Monday,14,midday,387,140,126,170,156,107,-14,30,16,-33
Lot 6,2026-03-30T22:00:51.982224+00:00,2026-03-30 15:00 PDT,Monday,15,midday,387,145,127,171,161,112,-18,26,16,-33
Lot 6,2026-03-30T22:16:11.796513+00:00,2026-03-30 15:16 PDT,Monday,15,midday,387,150,130,174,167,118,-20,24,17,-32
Lot 6,2026-03-30T22:31:09.174350+00:00,2026-03-30 15:31 PDT,Monday,15,midday,387,156,133,177,175,126,-23,21,19,-30
Lot 6,2026-03-30T22:45:18.596651+00:00,2026-03-30 15:45 PDT,Monday,15,midday,387,158,137,181,184,135,-21,23,26,-23
Lot 6,2026-03-30T23:00:36.728650+00:00,2026-03-30 16:00 PDT,Monday,16,midday,387,169,143,187,195,147,-26,18,26,-22
Lot 6,2026-03-30T23:16:17.004187+00:00,2026-03-30 16:16 PDT,Monday,16,midday,387,195,150,195,209,161,-45,0,14,-34
Lot 6,2026-03-30T23:30:46.903547+00:00,2026-03-30 16:30 PDT,Monday,16,midday,387,220,159,203,222,175,-61,-17,2,-45
Lot 6,2026-03-30T23:46:03.709502+00:00,2026-03-30 16:46 PDT,Monday,16,midday,387,231,169,214,238,190,-62,-17,7,-41
Lot 6,2026-03-31T00:01:15.640134+00:00,2026-03-30 17:01 PDT,Monday,17,midday,387,245,181,225,254,207,-64,-20,9,-38
Lot 6,2026-03-31T00:15:53.485299+00:00,2026-03-30 17:15 PDT,Monday,17,midday,387,283,194,238,269,223,-89,-45,-14,-60
Lot 6,2026-03-31T00:31:01.853715+00:00,2026-03-30 17:31 PDT,Monday,17,midday,387,302,208,252,285,239,-94,-50,-17,-63
Lot 6,2026-03-31T00:45:52.148747+00:00,2026-03-30 17:45 PDT,Monday,17,midday,387,306,223,266,300,255,-83,-40,-6,-51
Lot 6,2026-03-31T01:01:39.466796+00:00,2026-03-30 18:01 PDT,Monday,18,off-peak,387,316,239,282,315,270,-77,-34,-1,-46
Lot 6,2026-03-31T01:15:19.291731+00:00,2026-03-30 18:15 PDT,Monday,18,off-peak,387,320,253,295,327,282,-67,-25,7,-38
Lot 6,2026-03-31T01:30:40.809536+00:00,2026-03-30 18:30 PDT,Monday,18,off-peak,387,331,269,310,338,294,-62,-21,7,-37
Lot 6,2026-03-31T01:46:03.864690+00:00,2026-03-30 18:46 PDT,Monday,18,off-peak,387,341,284,324,347,304,-57,-17,6,-37
Lot 6,2026-03-31T02:02:11.954338+00:00,2026-03-30 19:02 PDT,Monday,19,off-peak,387,348,298,337,354,311,-50,-11,6,-37
Lot 6,2026-03-31T03:01:39.988563+00:00,2026-03-30 20:01 PDT,Monday,20,off-peak,387,375,334,370,361,320,-41,-5,-14,-55
Lot 6,2026-03-31T04:02:10.924703+00:00,2026-03-30 21:02 PDT,Monday,21,off-peak,387,387,341,376,352,312,-46,-11,-35,-75
Lot 6,2026-03-31T05:02:14.745413+00:00,2026-03-30 22:02 PDT,Monday,22,off-peak,387,387,334,368,350,310,-53,-19,-37,-77
Lot 6,2026-03-31T07:03:05.824502+00:00,2026-03-31 00:03 PDT,Tuesday,0,off-peak,387,387,348,381,386,345,-39,-6,-1,-42
Lot 6,2026-03-31T08:02:55.889762+00:00,2026-03-31 01:02 PDT,Tuesday,1,off-peak,387,387,365,387,387,350,-22,0,0,-37
Lot 6,2026-03-31T09:03:35.399595+00:00,2026-03-31 02:03 PDT,Tuesday,2,off-peak,387,387,368,387,377,335,-19,0,-10,-52
Lot 6,2026-03-31T10:02:10.343501+00:00,2026-03-31 03:02 PDT,Tuesday,3,off-peak,387,387,354,386,358,318,-33,-1,-29,-69
Lot 6,2026-03-31T11:02:03.881561+00:00,2026-03-31 04:02 PDT,Tuesday,4,off-peak,387,375,340,372,357,319,-35,-3,-18,-56
Lot 6,2026-03-31T12:02:13.558815+00:00,2026-03-31 05:02 PDT,Tuesday,5,off-peak,387,375,342,373,377,340,-33,-2,2,-35
Lot 6,2026-03-31T13:01:43.060383+00:00,2026-03-31 06:01 PDT,Tuesday,6,rush,387,374,360,387,387,359,-14,13,13,-15
Lot 6,2026-03-31T13:06:13.841777+00:00,2026-03-31 06:06 PDT,Tuesday,6,rush,387,373,362,387,387,360,-11,14,14,-13
Lot 6,2026-03-31T13:11:27.549857+00:00,2026-03-31 06:11 PDT,Tuesday,6,rush,387,372,364,387,387,360,-8,15,15,-12
Lot 6,2026-03-31T13:15:51.856206+00:00,2026-03-31 06:15 PDT,Tuesday,6,rush,387,372,365,387,387,360,-7,15,15,-12
Lot 6,2026-03-31T13:21:07.457968+00:00,2026-03-31 06:21 PDT,Tuesday,6,rush,387,371,366,387,387,360,-5,16,16,-11
Lot 6,2026-03-31T13:26:06.423905+00:00,2026-03-31 06:26 PDT,Tuesday,6,rush,387,371,368,387,387,359,-3,16,16,-12
Lot 6,2026-03-31T13:31:28.979211+00:00,2026-03-31 06:31 PDT,Tuesday,6,rush,387,371,369,387,387,358,-2,16,16,-13
Lot 6,2026-03-31T13:36:20.462026+00:00,2026-03-31 06:36 PDT,Tuesday,6,rush,387,370,370,387,387,357,0,17,17,-13
Lot 6,2026-03-31T13:40:55.913012+00:00,2026-03-31 06:40 PDT,Tuesday,6,rush,387,370,371,387,387,356,1,17,17,-14
Lot 6,2026-03-31T13:45:53.873737+00:00,2026-03-31 06:45 PDT,Tuesday,6,rush,387,369,372,387,387,354,3,18,18,-15
Lot 6,2026-03-31T13:50:54.447109+00:00,2026-03-31 06:50 PDT,Tuesday,6,rush,387,369,372,387,387,351,3,18,18,-18
Lot 6,2026-03-31T13:55:50.677510+00:00,2026-03-31 06:55 PDT,Tuesday,6,rush,387,368,373,387,387,349,5,19,19,-19
Lot 6,2026-03-31T14:01:29.012151+00:00,2026-03-31 07:01 PDT,Tuesday,7,rush,387,367,373,387,385,346,6,20,18,-21
Lot 6,2026-03-31T14:05:46.075174+00:00,2026-03-31 07:05 PDT,Tuesday,7,rush,387,366,373,387,383,343,7,21,17,-23
Lot 6,2026-03-31T14:10:55.772937+00:00,2026-03-31 07:10 PDT,Tuesday,7,rush,387,362,372,387,379,339,10,25,17,-23
Lot 6,2026-03-31T14:16:19.451886+00:00,2026-03-31 07:16 PDT,Tuesday,7,rush,387,359,371,387,375,335,12,28,16,-24
Lot 6,2026-03-31T14:20:56.271822+00:00,2026-03-31 07:20 PDT,Tuesday,7,rush,387,355,371,387,371,331,16,32,16,-24
Lot 6,2026-03-31T14:26:06.273074+00:00,2026-03-31 07:26 PDT,Tuesday,7,rush,387,348,369,387,367,326,21,39,19,-22
Lot 6,2026-03-31T14:30:41.071008+00:00,2026-03-31 07:30 PDT,Tuesday,7,rush,387,346,368,387,363,322,22,41,17,-24
Lot 6,2026-03-31T14:36:02.426194+00:00,2026-03-31 07:36 PDT,Tuesday,7,rush,387,334,366,387,357,317,32,53,23,-17
Lot 6,2026-03-31T14:41:16.009159+00:00,2026-03-31 07:41 PDT,Tuesday,7,rush,387,332,364,387,352,311,32,55,20,-21
Lot 6,2026-03-31T14:45:45.302005+00:00,2026-03-31 07:45 PDT,Tuesday,7,rush,387,326,362,387,347,306,36,61,21,-20
Lot 6,2026-03-31T14:50:58.505333+00:00,2026-03-31 07:50 PDT,Tuesday,7,rush,387,316,359,386,341,300,43,70,25,-16
Lot 6,2026-03-31T14:55:59.332333+00:00,2026-03-31 07:55 PDT,Tuesday,7,rush,387,301,356,383,335,293,55,82,34,-8
Lot 6,2026-03-31T15:01:55.559963+00:00,2026-03-31 08:01 PDT,Tuesday,8,rush,387,283,352,379,327,286,69,96,44,3
Lot 6,2026-03-31T15:05:58.918939+00:00,2026-03-31 08:05 PDT,Tuesday,8,rush,387,276,349,376,322,280,73,100,46,4
Lot 6,2026-03-31T15:10:48.924015+00:00,2026-03-31 08:10 PDT,Tuesday,8,rush,387,266,345,372,316,274,79,106,50,8
Lot 6,2026-03-31T15:16:18.073887+00:00,2026-03-31 08:16 PDT,Tuesday,8,rush,387,260,340,368,308,266,80,108,48,6
Lot 6,2026-03-31T15:21:14.712715+00:00,2026-03-31 08:21 PDT,Tuesday,8,rush,387,253,335,364,301,259,82,111,48,6
Lot 6,2026-03-31T15:25:57.597359+00:00,2026-03-31 08:25 PDT,Tuesday,8,rush,387,245,331,359,295,252,86,114,50,7
Lot 6,2026-03-31T15:31:29.636921+00:00,2026-03-31 08:31 PDT,Tuesday,8,rush,387,238,325,354,287,244,87,116,49,6
Lot 6,2026-03-31T15:36:30.332011+00:00,2026-03-31 08:36 PDT,Tuesday,8,rush,387,226,320,349,279,237,94,123,53,11
Lot 6,2026-03-31T15:41:13.511606+00:00,2026-03-31 08:41 PDT,Tuesday,8,rush,387,220,315,344,272,230,95,124,52,10
Lot 6,2026-03-31T15:45:49.982320+00:00,2026-03-31 08:45 PDT,Tuesday,8,rush,387,219,309,339,266,223,90,120,47,4
Lot 6,2026-03-31T15:50:42.636972+00:00,2026-03-31 08:50 PDT,Tuesday,8,rush,387,204,303,334,258,216,99,130,54,12
Lot 6,2026-03-31T15:55:55.132983+00:00,2026-03-31 08:55 PDT,Tuesday,8,rush,387,200,297,327,251,208,97,127,51,8
Lot 6,2026-03-31T16:01:47.762260+00:00,2026-03-31 09:01 PDT,Tuesday,9,rush,387,187,289,320,242,200,102,133,55,13
Lot 6,2026-03-31T16:06:02.226820+00:00,2026-03-31 09:06 PDT,Tuesday,9,rush,387,185,284,315,236,193,99,130,51,8
Lot 6,2026-03-31T16:10:58.504111+00:00,2026-03-31 09:10 PDT,Tuesday,9,rush,387,179,277,309,229,186,98,130,50,7
Lot 6,2026-03-31T16:15:50.729688+00:00,2026-03-31 09:15 PDT,Tuesday,9,rush,387,174,271,303,222,179,97,129,48,5
Lot 6,2026-03-31T16:21:33.198542+00:00,2026-03-31 09:21 PDT,Tuesday,9,rush,387,161,263,296,214,171,102,135,53,10
Lot 6,2026-03-31T16:26:14.501954+00:00,2026-03-31 09:26 PDT,Tuesday,9,rush,387,152,256,289,208,165,104,137,56,13
Lot 6,2026-03-31T16:31:45.788715+00:00,2026-03-31 09:31 PDT,Tuesday,9,rush,387,142,248,282,200,157,106,140,58,15
Lot 6,2026-03-31T16:35:48.285220+00:00,2026-03-31 09:35 PDT,Tuesday,9,rush,387,134,243,277,195,152,109,143,61,18
Lot 6,2026-03-31T16:41:15.279506+00:00,2026-03-31 09:41 PDT,Tuesday,9,rush,387,124,235,270,188,145,111,146,64,21
Lot 6,2026-03-31T16:45:58.263475+00:00,2026-03-31 09:45 PDT,Tuesday,9,rush,387,119,228,264,182,139,109,145,63,20
Lot 6,2026-03-31T16:51:05.679503+00:00,2026-03-31 09:51 PDT,Tuesday,9,rush,387,114,221,257,176,133,107,143,62,19
Lot 6,2026-03-31T16:56:09.760201+00:00,2026-03-31 09:56 PDT,Tuesday,9,rush,387,113,214,250,170,127,101,137,57,14
Lot 6,2026-03-31T17:00:46.768536+00:00,2026-03-31 10:00 PDT,Tuesday,10,rush,387,109,207,244,165,122,98,135,56,13
Lot 6,2026-03-31T17:05:54.081792+00:00,2026-03-31 10:05 PDT,Tuesday,10,rush,387,106,200,238,160,117,94,132,54,11
Lot 6,2026-03-31T17:10:53.305865+00:00,2026-03-31 10:10 PDT,Tuesday,10,rush,387,101,194,231,155,112,93,130,54,11
Lot 6,2026-03-31T17:15:50.681920+00:00,2026-03-31 10:15 PDT,Tuesday,10,rush,387,95,187,225,150,107,92,130,55,12
Lot 6,2026-03-31T17:20:58.861105+00:00,2026-03-31 10:20 PDT,Tuesday,10,rush,387,90,180,219,145,102,90,129,55,12
Lot 6,2026-03-31T17:25:50.817891+00:00,2026-03-31 10:25 PDT,Tuesday,10,rush,387,87,174,213,141,98,87,126,54,11
Lot 6,2026-03-31T17:32:39.035477+00:00,2026-03-31 10:32 PDT,Tuesday,10,rush,387,85,166,206,136,93,81,121,51,8
Lot 6,2026-03-31T17:36:04.853363+00:00,2026-03-31 10:36 PDT,Tuesday,10,rush,387,79,162,202,133,90,83,123,54,11
Lot 6,2026-03-31T17:41:09.462830+00:00,2026-03-31 10:41 PDT,Tuesday,10,rush,387,79,156,196,130,87,77,117,51,8
Lot 6,2026-03-31T17:45:25.082666+00:00,2026-03-31 10:45 PDT,Tuesday,10,rush,387,77,151,192,127,84,74,115,50,7
Lot 6,2026-03-31T17:50:17.183363+00:00,2026-03-31 10:50 PDT,Tuesday,10,rush,387,65,146,187,124,81,81,122,59,16
Lot 6,2026-03-31T17:55:31.495635+00:00,2026-03-31 10:55 PDT,Tuesday,10,rush,387,53,140,182,121,78,87,129,68,25
Lot 6,2026-03-31T18:00:31.210197+00:00,2026-03-31 11:00 PDT,Tuesday,11,midday,387,63,135,177,119,76,72,114,56,13
Lot 6,2026-03-31T18:05:16.667577+00:00,2026-03-31 11:05 PDT,Tuesday,11,midday,387,64,131,173,117,73,67,109,53,9
Lot 6,2026-03-31T18:10:23.655077+00:00,2026-03-31 11:10 PDT,Tuesday,11,midday,387,62,126,169,115,71,64,107,53,9
Lot 6,2026-03-31T18:15:22.402953+00:00,2026-03-31 11:15 PDT,Tuesday,11,midday,387,63,122,165,113,69,59,102,50,6
